politika|parlament
politika|pollitik
politika|strana
politika|strana
politika|grémium
politika|koncil
politika|prezident
politika|premiér
politika|předseda
politika|místopředseda
politika|volby
politika|komise
politika|vyšetřování
politika|bis
politika|úřad
politika|orgán
politika|soud
politika|starosta
business|meeting
business|šéf
business|dokumentace
business|it systém
business|akcie
business|business
business|daně
business|průmysl
business|účetnictví
business|eet
business|gdpr
business|hospodářství
business|ekonomika
business|inflace
business|deflace
business|ekonomický růst
doprava|dálnice
doprava|most
doprava|auto
doprava|autobus
doprava|koleje
doprava|tramvaj
doprava|trolejbus
doprava|vlak
doprava|zácpa
doprava|nehoda
doprava|doprava
doprava|čd
doprava|leo express
doprava|regiojet
sport|hokejka
sport|golf
sport|míč
sport|balón
sport|raketa
sport|gól
sport|branka
sport|basketbal
sport|hokej
sport|badminton
sport|tenis
sport|beach volejbal
sport|volejbal
sport|písek
sport|rána
sport|trefa
sport|reprezentace
vaření|knedlík
vaření|vařečka
vaření|kuchařka
vaření|kuchař
vaření|váleček
vaření|curkoví
vaření|potraviny
vaření|jídlo
vaření|nádobí
vaření|brambory
vaření|rýže
vaření|vaření
kultura|kultura
kultura|filmy
kultura|knihy
kultura|seriál
kultura|divadlo
kultura|koncert
počasí|předpověď
počasí|počasí
zdravotnictví|nemoc
zdravotnictví|rýma
zdravotnictví|kašel
zdravotnictví|rakovina
zdravotnictví|zdravý
zdravotnictví|zdravotní stav
query|česká republika
query|zácpa
