https://byznys.ihned.cz/c1-66334360-kellnerovy-cinske-snatky-a-rozvody-vedly-k-tomu-ze-home-credit-ma-v-cine-noveho-partnera-kellner-se-o-sve-znalosti-delil-jiz-drive-s-bankou-russkij| Kellnerovy  čínské  sňatky  a  rozvody  vedly  k  tomu,  že  Home  Credit  má  v  Číně  nového  partnera.  Kellner  se  o  své  znalosti  dělil  již  dříve  s  bankou  Russkij  Standart | Stačilo  čtrnáct  měsíců  a  splátková  společnost  Home  Credit,  ve  které  drží  většinový  podíl  investiční  společnost  PPF  finančníka  Petra  Kellnera,  pustila  k  vodě  jednoho  bohatého  čínského  partnera  a  rychle  našla  nového.  Nově  chystaný  sňatek  ale  v  něčem  připomíná  těžké  začátky  Home  Creditu  v  Rusku.   Home  Credit  loni  v  červenci  oznámil  uzavření  dohody  o    Pokračování  textu  je  k dispozici  pouze  pro  platící  čtenáře  Předplatitelé  mají  i    Potřebujeme  e-mailovou  adresu,  na  kterou  pošleme  potvrzení  o  platbě.  Zároveň  vám  založíme  uživatelský  účet,  abyste  se  mohli  k  článku  kdykoli  vrátit  a  nemuseli  jej  platit  znovu.  Pokud  již  u  nás  účet  máte,    Potřebujeme  e-mailovou  adresu,  na  kterou  pošleme  potvrzení  o  platbě.  Pokračováním  nákupu  berete  na  vědomí,  že  společnost  Economia,  a.s.  bude  zpracovávat  vaše  osobní  údaje  v  souladu  se   Vyberte  si  způsob  platby  Máte  zájem  o  informace  z  ekonomiky  v  širších  souvislostech?  Zadejte  svou  e-mailovou  adresu  a  každý  pátek  dopoledne  od  nás  dostanete  výběr  informací,  které  se  během  týdne  objevily  v  médiích.  Těšit  se  můžete  na  komentář  událostí  od  Leoše  Rouska,  hlavního  analytika  Hospodářských  novin.  Přihlášením  se  k  odběru  newsletteru  souhlasíte  se  zpracováním  osobních  údajů  a zasíláním  obchodních  sdělení,  více  informací

https://archiv.ihned.cz/c1-66333450-nove-byty-opravy-silnic-milion-stromu| Nová  pražská  koalice  přebírá  bohaté  město  v  mizerném  stavu.  Výmluvy  na  dědictví  minulosti  ale  nebudou  chtít  Pražané  poslouchat  dlouho | Mnohovrstevnaté,  sebevědomé  a úspěšné  město,  které  snese  srovnání  s Berlínem,  Kodaní  nebo  Barcelonou.  Praha  po čtyřleté  vládě  nové  koalice  pirátů,  Prahy  sobě  a Spojených  sil  pro  Prahu  (TOP  09  a STAN),  která  ve středu  představila  své  programové  prohlášení.  Vlády  by  se  měla  ujmout  po zasedání  zastupitelstva,  které  dosluhující  primátorka  Adriana  Krnáčová  svolala  na příští  čtvrtek.    "Chceme  v Praze  stavět,  abychom  vyřešili  dlouhodobou  krizi  bydlení,  ale  současně  chceme  sázet  stromy,"  uvedl  jeden  z plánů  koalice.  Většina  věcí  v programovém  prohlášení  je  očekávaných.  Prioritami  nové  koalice  je  kromě  bydlení  a rozhýbání  výstavby  také  budování  dopravní  infrastruktury.  Tedy  například  Městského  okruhu,  metra  D  a nových  mostů.  A také  údržba  té  stávající.  Jen  na zanedbané  údržbě  pražských  komunikací  je  dluh  dvacet  až  třicet  miliard  korun.  Nejviditelněji  se  to  projevuje  na mostech −  ať  už  to  byla  zřícená  Trojská  lávka,  či  kritický  stav  řady  mostů  v čele  s Libeňským.  Programové  prohlášení  má  celkem  35  stran.  Nakonec  v něm  není  kontroverzní  bod  podpory  hypoték,  který  prosazovala  Hana  Marvanová  ze Spojených  sil  pro  Prahu.  Ta  chtěla,  aby  město  ručilo  za hypotéky  pracovníků  v profesích,  které  potřebuje −  tedy  například  učitelů,  hasičů,  zdravotníků  či  policistů.  Jenže  zbylé  dvě  strany  se  obávaly,  že  garance  naopak  ještě  zdraží  bydlení  v Praze.  Bod  se  tak  do prohlášení  nedostal.  Dalším  z bodů  je  vytvoření  celopražské  bytové  politiky  a zvýšení  dostupnosti  bydlení.  Za tím  je  například  tvorba  pravidel,  za kterých  by  se  obecní  byty  pronajímaly,  a to  především  nízkopříjmovým  skupinám.  Pokračování  textu  je  k dispozici  pouze  pro  platící  čtenáře  Předplatitelé  mají  i    Potřebujeme  e-mailovou  adresu,  na  kterou  pošleme  potvrzení  o  platbě.  Zároveň  vám  založíme  uživatelský  účet,  abyste  se  mohli  k  článku  kdykoli  vrátit  a  nemuseli  jej  platit  znovu.  Pokud  již  u  nás  účet  máte,    Potřebujeme  e-mailovou  adresu,  na  kterou  pošleme  potvrzení  o  platbě.  Pokračováním  nákupu  berete  na  vědomí,  že  společnost  Economia,  a.s.  bude  zpracovávat  vaše  osobní  údaje  v  souladu  se   Vyberte  si  způsob  platby  Máte  zájem  o  informace  v  širších  souvislostech?  Zadejte  Vaši  e-mailovou  adresu  a  každý  pátek  dopoledne  od  nás  dostanete  výběr  komentářů,  které  se  během  týdne  objevily  na  stránkách  Hospodářských  novin.  Těšit  se  můžete  na  komentáře  Petra  Honzejka,  předního  ekonoma  Tomáše  Sedláčka,  kardiologa  Josefa  Veselky  a  dalších.  Přihlášením  se  k  odběru  newsletteru  souhlasíte  se  zpracováním  osobních  údajů  a zasíláním  obchodních  sdělení,  více  informací   

https://archiv.ihned.cz/c1-66333760-komunisticky-navrh-na-delsi-dovolenou-pro-vsechny-ma-sanci-podporu-ma-v-cssd-a-take-u-mnohych-poslancu-ano| Komunistický  návrh  na  delší  dovolenou  pro  všechny  má  šanci.  Podporu  má  v  ČSSD  a  také  u  mnohých  poslanců  ANO | Komunisté  předběhli  sociální  demokracii,  když  předložili  vládě  návrh  na prodloužení  minimální  doby  dovolené  ze čtyř  na pět  týdnů.  A navzdory  roztrpčení  některých  zástupců  ČSSD  pomohou  její  členové  tento  plán  ve vládě  s  ANO  premiéra  Andreje  Babiše  prosadit.  "Jestli  jsme  to  předložili,  tak  návrh  myslíme  vážně.  Mohu  to  prohrát,  přesto  kvůli  tomu  budeme  na Andreje  Babiše  tlačit,"  prohlásil  šéf  komunistů  Vojtěch  Filip  s tím,  že  by  chtěl,  aby  schválení  delší  dovolené  podpořili  piráti  či  hnutí  SPD.  Představoval  by  si  to  tak,  že  novinka  začne  v ideálním  případě  platit  od července  příštího  roku.  "Ale  předpokládám,  že  to  půjde  až  od ledna  roku  2020,"  dodal  Filip.  Klíčovou  roli  může  sehrát  ministryně  práce  a sociálních  věcí  Jana  Maláčová  (ČSSD),  která  už  přesvědčila  Babiše,  aby  u poslanců  ANO  zajistil  hlasy  pro  podporu  zrušení  karenční  doby  −  třídenní  lhůty  bez  nároku  na náhradu  mzdy  v případě  nemoci.  To  však  bylo  na  rozdíl  od  pětitýdenní  dovolené  v  koaliční  smlouvě.  "Budu  přesvědčovat  pre­miéra,  aby  celá  vláda  návrh  podpořila.  Pět  týdnů  dovolené  pro  všechny  zaměstnance  ČSSD  prosazuje.  Pomůže  to  zvýšit  produktivitu  práce  i kvalitu  života,"  řekla  ministryně.  Pokračování  textu  je  k dispozici  pouze  pro  platící  čtenáře  Předplatitelé  mají  i    Potřebujeme  e-mailovou  adresu,  na  kterou  pošleme  potvrzení  o  platbě.  Zároveň  vám  založíme  uživatelský  účet,  abyste  se  mohli  k  článku  kdykoli  vrátit  a  nemuseli  jej  platit  znovu.  Pokud  již  u  nás  účet  máte,    Potřebujeme  e-mailovou  adresu,  na  kterou  pošleme  potvrzení  o  platbě.  Pokračováním  nákupu  berete  na  vědomí,  že  společnost  Economia,  a.s.  bude  zpracovávat  vaše  osobní  údaje  v  souladu  se   Vyberte  si  způsob  platby 

https://domaci.ihned.cz/c1-66334370-byvaly-prazsky-imam-obvineny-z-terorismu-je-ve-vazbe-soud-se-obaval-aby-se-neskryval-nebo-neovlivnoval-svedky| Bývalý  pražský  imám  obviněný  z  terorismu  je  ve  vazbě.  Soud  se  obával,  aby  se  neskrýval  nebo  neovlivňoval  svědky | Bývalý  pražský  imám  Samer  Shehadeh,  který  čelí  obvinění  z  podpory  terorismu,  je  ve  vazbě.  Poslal  ho  do  ní  Obvodní  soud  pro  Prahu  5.  Muž  se  vzdal  práva  podat  si  stížnost,  takže  usnesení  je  pravomocné.  V  pátek  to  řekla  mluvčí  soudu  Jana  Humeni.  Na  rozhodnutí  upozornil  server    Mluvčí  uvedla,  že  soud  u  Shehadeha  shledal  všechny  tři  možné  vazební  důvody  -  tedy  obavu,  že  by  se  mohl  skrývat,  že  by  mohl  ovlivňovat  svědky  nebo  že  by  mohl  pokračovat  v  trestné  činnosti.  "Jiné  informace  k  věci  nelze  poskytnout,"  doplnila.  Shehadeh  loni  opustil  Česko,  podle  médií  byl  dopaden  v  Jordánsku.  Pražské  vrchní  státní  zastupitelství  k  případu  ve  čtvrtek  sdělilo  pouze  to,  že  policie  letecky  přepravila  do  ČR  českého  občana,  který  byl  doposud  stíhán  jako  uprchlý,  a  to  za  podporu  a  propagaci  terorismu  a  za  financování  terorismu.  V  souvislosti  s  případem  zmínilo  ještě  dva  další  české  občany.  Podle  médií  se  stíhání  týká  i  Shehadehova  bratra  Omara  a  Omarovy  ženy.  Za  zmíněné  zločiny  hrozí  až  patnáctileté  tresty  vězení.  Bývalý  pražský  imám  se  ocitl  v  hledáčku  tuzemských  tajných  služeb  a  policie  už  před  lety  kvůli  obavám  z  radikalizace.  Podezření  vyvolala  například  výzva  určená  jeho  souvěrcům,  aby  se  neúčastnili  akce  proti  terorismu  spolu  s  křesťany.  Z  podpory  terorismu  byl  obviněn  před  rokem  poté,  co  jeho  bratr  a  švagrová  vycestovali  do  Sýrie,  kde  se  účastnili  bojů  v  sesterské  teroristické  organizaci  Al-Káidy.  Imám  jim  podle  obvinění  pomáhal.  Shehadeh  studoval  v  Saúdské  Arábii.  Po  návratu  byl  zvolen  pražskými  muslimy  do  čela  Muslimské  obce  v  Praze  a  zároveň  byl  dosazen  do  pozice  imáma  pražské  mešity.  Odtud  před  čtyřmi  lety  kvůli  vzájemným  sporům  odešel.  Další  zástupci  muslimské  komunity  se  pak  od  něj  veřejně  distancovali.  Shehadeh  po  rozkolu  v  domovské  obci  krátce  pobýval  na  Slovensku,  před  svým  odchodem  z  Česka  se  vrátil  zpět  do  Prahy,  uvedl  server   

https://domaci.ihned.cz/c1-66334380-medicina-u-nas-je-stale-jako-v-basnicich-vyhoreni-hrozi-lekarum-i-medikum-varuje-psychiatricka-tkacova| Medicína  u  nás  je  stále  jako  v  Básnících,  vyhoření  hrozí  lékařům  i  medikům,  varuje  psychiatrička  Tkáčová | 

https://ego.ihned.cz/c1-66333210-architekturou-budoucnosti-se-stanou-i-nase-tela-virtualni-realita-zpusobi-revoluci-rika-architekt-roku-petr-hajek|| toupáme  na vrchol  vodárenské  věže,  kterou  Petr  Hájek  rekonstruoval.  Zase  slouží  dětem  a mládeži  sedmého  pražského  obvodu.  Staré  se  plynule  prolíná  s novým.  Míjíme  Foucaultovo  kyvadlo,  o něco  výše  dveře  první  ze dvou  kluboven,  v nichž  kdysi  měli  byty  strojníci.  Schodů  je  určitě  stovka,  s přibývajícími  metry  se  krátí  dech.  Přidržujeme  se  zábradlí.  Pískovcové  stupně  střídá  prudší  schodiště  litinové.  Nahoře,  v sále,  který  kdysi  vyplňovala  nádrž  s vodou,  je  nyní  periskop.  "Můžu?"  ptám  se.  "Musíte,"  odpovídá  architekt,  který  budí  přirozený  respekt,  ačkoliv  na svůj  věk  osmačtyřiceti  let  nevypadá.  Profesorem  byl  jmenován  v pouhých  šestačtyřiceti,  vyučování  mu  jde  stejně  dobře  jako  navrhování  neobyčejných  domů.  Usedám  tedy  na stoličku,  abych  se  mohl  díky  soustavě  zrcadel  a optiky,  která  je  vedena  bývalým  komínem  ústícím  na samém  vrcholku  vodárny,  potěšit  z výhledu  na Prahu.  Špička  chrámu  svatého  Víta  jako  na dlani,  stačí  se  dotknout.  Stejně  i pankráckých  věžáků  nebo  vysílače  na Cukráku,  který  je  tak  blízko,  až  se  leknu.  Výhled,  jenž  byl  už  od konce  třicátých  let  minulého  století  kvůli  sousednímu  přerostlému  činžáku  nemožný,  se  díky  periskopu  vrátil  do hry.  Současně  s oživováním  letenské  novorenesanční  věže  se  podle  Hájkova  návrhu  dostavoval  multifunkční  sál  holešovického  Centra  současného  umění  DOX.  Provoz  obou  budov  byl  zahájen  skoro  najednou.  Podobný  výkon  se  vyskytuje  pouze  výjimečně.  Také  proto  byl  Petr  Hájek  jmenován  Architektem  roku  2018.  Nejsilnějším  momentem  je  proces  výstavby  domu,  když  rostou  konstrukce  a objevují  se  vnitřní  prostory.  Vnímám  každý  jeho  detail  a hledám  nedostatky.  Jakmile  však  dům  dokončím,  vytěsním  jej  z hlavy  a do mysli  vložím  novou  stavbu,  nové  úkoly.  To  je  různé.  Někdy  se  ve mně  nastartuje  pocit,  že  chci  jeho  architekturu  znovu  řešit.  Části,  které  mi  nepřijdou  dokonalé  nebo  dotažené,  chci  vylepšovat,  měnit.  Je  mi  líto,  když  vidím,  že  se  dům  nevyužívá  způsobem,  jaký  by  si  zasloužil,  že  jeho  možnosti  a potenciál  nejsou  zhodnoceny.  Dům  je  pro  mě  jakýmsi  hudebním  nástrojem,  který  je  potřeba  rozeznít.  Současná  architektura  dala  lidem  řadu  úžasných  staveb.  Přijde  mi  však,  že  obecně  sklouzla  až  příliš  k módě,  a to  ne  ve smyslu  designu,  ale  ve své  "jednorázovosti".  Stavby  se  nebudují  jako  trvalá  kulturní  hodnota.  Berou  se  jako  zboží.  Nestavíme  je  tak,  aby  je  bylo  možné  jednoduše  opravovat  a udržovat.  Příkladem  mohou  být  panelové  domy.  Tyto  stavby  po desítkách  let  dožívají  a my  pořádně  nevíme,  jak  je  opravit.  Při  jejich  navrhování  se  na budoucí  údržbu  příliš  nemyslelo.  Dnes  nejsme  schopni  spolehlivě  prohlédnout  jejich  útroby  a zjistit,  kde  a jak  postupuje  degradace  spojů.  Naše  doba  je  postižená  tím,  že  jsme  zvyklí  užívat  zcela  neartikulované  prostory,  ať  už  jde  o byty,  kanceláře,  anebo  obchodní  centra.  Tyto  prostory  uvnitř  stavby  jsou  pak  jakési  abstraktní  sloty,  do kterých  vkládáme  funkci  jako  program  do počítače.  Do všeho  musíme  nahrát  obsah  jako  aplikaci  do mobilu  a zapomínáme,  že  my  sami  jsme  tou  aplikací.  Tato  vysoká  míra  abstraktnosti  má  důsledek  v tom,  že  se  s moderní  architekturou  ztotožňujeme  obtížněji  než  s tou  historickou.  On  tam  však  je,  jen  spal  a čekal  na obnovu!  Jedná  se  o vodárenskou  věž  a ta  byla  postavena  především  kvůli  zásobování  okolních  čtvrtí  vodou,  zároveň  však  sloužila  jako  observatoř,  pozorovatelna.  Pro  tento  účel  byla  doplněna  o ochoz.  Ochoz  byl  vybudován  k pozorování  panoramatu  města,  horizontu  a oblohy.  Věž  však  velmi  brzy  přišla  o obě  funkce.  Jako  vodárna  byla  odstavena  již  kolem  roku  1913  a o několik  let  později  její  výhled  zaslepila  vysoká  okolní  zástavba.  Proto  jsme  do komína  ve středu  věže  vložili  periskop  a jeho  prostřednictvím  jsme  jí  pomyslný  zrak  vrátili.  Jedna  z funkcí  věže  ožila −  a nyní  je  opět  observatoří.  Možná  vás  to  překvapí,  ale  nezažívám  opojný  pocit  z tvoření,  jak  se  o tom  píše  v některých  románech.  Když  vymýšlím  domy,  je  to  dřina.  Okamžiky,  kdy  mě  to  baví,  jsou  vzácné.  Práce  je  pro  mě  souboj  mezi  ideou  a reálnými  možnostmi.  Jsem  pod  tlakem  vnějšího  světa  a odpovědnosti  a silně  vnímám  to,  že  mohu  hodně  pokazit.  Byl  jsem  připravený  na to,  že  to  bude  těžké,  ale  nakonec  to  tak  obtížné  nebylo.  V HŠH  jsme  měli  dohodu,  že  nikdo  nemá  poslední  slovo  a všichni  tři  jsme  se  museli  shodnout  na společném  řešení.  Z počátku  vše  fungovalo  dobře,  ale  jak  to  v mnoha  vztazích  bývá,  objevily  se  problémy,  které  jsme  nakonec  neuměli  společně  překonat.  Tři  architekti  měli  tři  dobrá  řešení  a muselo  se  z nich  vybrat  jen  jedno,  na němž  by  se  všichni  shodli.  Jenže  schopnost  a vůli  ke společné  dohodě  jsme  postupně  ztráceli.  Tomáš  Hradečný  si  jako  první  uvědomil,  že  více  než  tvorbou  trávíme  čas  debatami,  které  většinou  nikam  nevedou,  a navrhl  rozchod.  Energii,  která  zůstávala  v nekonečných  diskusích,  jsem  pak  mohl  vložit  do dalších  aktivit,  jako  je  výzkum  architektury,  učení,  psaní…  Už  toho  nelituji  a nechtěl  bych  to  vrátit.  Může,  když  si  každý  najde  svou  polohu  a s tou  se  ztotožní.  Někdo  je  více  tvůrčí,  někdo  se  zase  více  stará  o zakázky,  další  chodí  na stavbu.  Je  to  pak  týmová  práce,  kde  se  nikdo  necítí  na vedlejší  koleji.  Profesor  Petr  Hájek  se  narodil  18. dubna  1970  v Karlových  Varech.  V letech  1988  až  1995  studoval  na Fakultě  architektury  ČVUT  a v období  1995  až  1998  na Škole  architektury  Akademie  výtvarných  umění  v Praze.  V roce  1995  založil  spolu  Tomášem  Hradečným  a Janem  Šépkou  studio  HŠH  architekti.  Mezi  jejich  realizace  patří  například  úprava  Jiřského  náměstí  na Pražském  hradě,  rekonstrukce  Arcidiecézního  muzea  v Olomouci  či  revitalizace  Zámeckého  návrší  v Litomyšli.  Od roku  2009  má  vlastní  kancelář  Petr  Hájek  ARCHITEKTI.  Projektoval  například  Krkonošské  centrum  enviromentálního  vzdělávání  ve Vrchlabí,  československou  expozici  na Bienále  architektury  v Benátkách,  dostavbu  Centra  současného  umění  DOX,  rekonstrukci  vodárenské  věže  v Praze  7.  Za svou  práci  získal  řadu  cen –  kromě  jiných  Grand  prix  Obce  architektů,  Evropskou  cenu  Freiraum  no2,  Bauwelt–Preis,  Evropskou  cenu  Piranesi  prize  (honorable  mention).  Letos  se  stal  Architektem  roku  za mimořádný  přínos  české  architektuře.  Myslím,  že  Alena  Šrámková  věří  v architekturu,  která  má  schopnost  dělat  svět  lepší  tím,  že  vám  svou  ryzostí  a opravdovostí  jde  příkladem.  Osobně  mi  je  toto  pojetí  blízké  a věřím  s ní,  že  takovou  moc  skutečně  architektura  má.  Chápu  tuto  snahu,  ale  zároveň  se  jí  obávám.  Co  funguje  v módě  a designu,  nefunguje  v architektuře.  Je  obtížné  navrhnout  dům  pro  sériovou  výrobu,  dům  pro  kohokoliv  a kamkoliv.  Pokud  má  být  něco  dobré  pro  stovky  tisíc  uživatelů,  musí  se  tomu  přizpůsobit  všechny  parametry,  vše  se  musí  zprůměrovat.  Lépe  se  dokážu  identifikovat  s odpovědností  vůči  konkrétnímu  uživateli.  Asi  proto  jsou  naše  stavby  vnímány  jako  individuální  a nepřenositelné.  Potřebujeme  e-mailovou  adresu,  na  kterou  pošleme  potvrzení  o  platbě.  Zároveň  vám  založíme  uživatelský  účet,  abyste  se  mohli  k  článku  kdykoli  vrátit  a  nemuseli  jej  platit  znovu.  Pokud  již  u  nás  účet  máte,    Potřebujeme  e-mailovou  adresu,  na  kterou  pošleme  potvrzení  o  platbě.  Pokračováním  nákupu  berete  na  vědomí,  že  společnost  Economia,  a.s.  bude  zpracovávat  vaše  osobní  údaje  v  souladu  se   Vyberte  si  způsob  platby  Dům  je  pro  architekta  Petra  Hájka  hudebním  nástrojem,  který  je  potřeba  rozeznít.

https://zahranicni.ihned.cz/c1-66334250-plukovnik-rakouske-armady-20-let-pracoval-jako-spion-pro-rusko-dostal-temer-osm-milionu-korun-viden-si-predvolala-ruskeho-velvyslance| Plukovník  rakouské  armády  20  let  pracoval  jako  špion  pro  Rusko,  dostal  téměř  osm  milionů  korun.  Vídeň  si  předvolala  ruského  velvyslance | Případ  rakouského  penzionovaného  plukovníka,  který  prý  během  služby  v  armádě  působil  jako  špion  ve  prospěch  Ruska,  může  výrazně  zatížit  vztahy  mezi  Vídní  a  Moskvou.  Agentuře  APA  to  v  pátek  řekla  šéfka  rakouské  diplomacie  Karin  Kneisslová,  která  kvůli  této  aféře  zrušila  návštěvu  Moskvy  plánovanou  na  prosinec.  Rakousko  si  předvolalo  ruského  velvyslance  ve  Vídni  a  ruské  ministerstvo  zahraničí  si  zase  "na  kobereček"  pozvalo  rakouského  velvyslance  v  Moskvě,  aby  rakouská  obvinění  vysvětlil.  "Pokud  se  současné  podezření  potvrdí,  bude  to  znamenat  závažnou  zátěž  pro  bilaterální  vztahy  mezi  Rakouskem  a  Ruskem,"  cituje  APA  Kneisslovou,  kterou  do  úřadu  ministryně  zahraničí  nominovali  prorusky  orientovaní  svobodní  (FPÖ).  "Vztah  mezi  Ruskem  a  Evropskou  unií  se  tímto  nezlepší,"  řekl  v  pátek  ráno  na  krátké  tiskové  konferenci  lidovecký  kancléř  Sebastian  Kurz.  "Špionáž  je  nepřijatelná,"  dodal.  Na  otázku,  zda  Vídeň  zvažuje  vyhoštění  ruských  diplomatů,  odpověděl,  že  další  postup  vláda  projedná  s  evropskými  partnery.  "Případ  ukazuje,  že  i  po  konci  studené  války  musíme  upevnit  naši  bezpečnostní  síť  uvnitř  Rakouska,"  uvedl  ministr  obrany  Mario  Kunasek.  Šéf  ruské  diplomacie  Sergej  Lavrov  řekl,  že  ho  informace  o  tomto  případu  "nepříjemně  překvapily".  O  rakouském  plukovníkovi  podezřelém  ze  špionáže  prý  nic  neví.  Informace  o  výzvědné  činnosti  nyní  70letého  muže  ze  Salcburku  dostalo  Rakousko  ze  zahraničí.  Podle  deníku  Kronen  Zeitung  se  špionáží  pro  Moskvu  začal  už  v  90.  letech.  Rusové  mu  dodali  potřebné  technické  vybavení  a  on  jim  pak  co  dva  týdny  předával  informace  týkající  se  rakouského  letectva,  dělostřeleckých  systémů  nebo  situačních  hodnocení.  V  posledních  letech  poskytoval  údaje  o  migraci  v  Rakousku,  nebo  vytvořil  osobnostní  profily  mnoha  vysoce  postavených  příslušníků  rakouské  armády.  Za  své  služby  pro  Moskvu  prý  získal  300  000  eur  (7,8  milionu  korun).  Podle  deníku  Die  Presse  muž  nevyzradil  Rusům  žádné  přísně  utajované  informace.  Prý  šlo  spíše  o  zprávy  dostupné  na  armádním  intranetu  a  z  jeho  okolí.  Armáda  tuto  věc  nicméně  nadále  vyšetřuje.  Případ  vyšetřuje  státní  zastupitelství  kvůli  podezření  z  vyzrazení  státního  tajemství.  Experti  zkoumají  elektronická  zařízení,  která  důstojník  používal,  včetně  jeho  laptopu.  Prý  o  své  činnosti  obsáhle  vypověděl  a  vše  přiznal. 

https://archiv.ihned.cz/c1-66322660-prestupy| Přestupy:  Zeman  povede  divizi  skupiny  Canon,  představenstvo  Re/Max  posílí  Hauzer | Stanislav  Chvála  (38)  je  generálním  ředitelem  energetické  a technologické  firmy  Nano  Energies.  Ve společnosti,  která  obchoduje  s elektřinou,  dosud  působil  jako  ředitel  pro  strategický  rozvoj.  Členem  představenstva  realitní  firmy  Re/Max  Česká  republika  je  Zbyněk  Hauzer  (34),  který  převezme  zodpovědnost  za rozvoj  IT  a technologických  inovací  v celé  společnosti.  Martin  Zeman  (44)  je  ředitelem  divize  Imaging  Technologies  &  Communications  Group  Canon  CZ/SK.  Oddělení  se  zabývá  mj.  nepřímým  prodejem  fota,  videa  nebo  projektorů.  Andrea  Brožová  je  PR  manažerkou  společnosti  Karlovarské  minerální  vody.  Dříve  působila  jako  manažerka  korporátní  komunikace  Nestlé  pro  Českou  republiku  a Slovensko. 

https://byznys.ihned.cz/c1-66334240-stret-j-t-a-cez-vedeni-firmy-zamitlo-vetsinu-pozadavku-mensinovych-akcionaru| Střet  mezi  J&T  a  ČEZ  se  prohlubuje.  Vedení  firmy  zamítlo  většinu  požadavků  menšinových  akcionářů,  mimořádná  hromada  neprojedná  prodej  Počerad  ani  další  body | Ve  střetu  mezi  vedením  ČEZ  a  menšinovými  akcionáři  z  finanční  skupiny  J&T  zatím  tahají  za  kratší  konec  ti  druzí.  Představenstvo  největší  české  energetické  firmy  v  čele  s  generálním  ředitelem  Danielem  Benešem  sice  na  30.  listopadu  svolalo  mimořádnou  valnou  hromadu,  jak  požadovali,  nicméně  většina  návrhů  od  J&T,  jako  je  možný  prodej  elektrárny  Počerady,  opční  program  pro  management  nebo  změna  strategie  ČEZ  pro  akvizice  v  zahraničí,  se  na  ní  ale  projednávat  nebude.   Podle  Daniela  Beneše  se  J&T  chová  vůči  ČEZ  aktivisticky  a  nemá  zájem  na  jeho  dlouhodobé  prosperitě.  "Rozhodně  to  nejsou  žádní  chudáci.  Je  to  obchodní  útok  oligarchistické  a  bohaté  skupiny,"    Skupina  J&T,  jejíž  hlavní  tváří  je  u  této  akce  Michal  Šnobr,  sám  minoritní  akcionář,  v poslední  době  nakoupila  akcie  ČEZ  za  více  než  tři  miliardy  korun.  Spolu  s dalšími  menšími  investory,  kteří  se  k nim  přidali,  mají  ve  firmě  mírně  přes  jedno  procento.  Jsou  tak  kvalifikovaným  akcionářem  s  právem  svolat  valnou  hromadu  nebo  dávat  podněty  dozorčí  radě.  Většinu  má  s  necelými  70  procenty  český  stát,  jehož  vlastnická  práva  vykonává  ministerstvo  financí.  Pokračování  textu  je  k dispozici  pouze  pro  platící  čtenáře  Předplatitelé  mají  i    Potřebujeme  e-mailovou  adresu,  na  kterou  pošleme  potvrzení  o  platbě.  Zároveň  vám  založíme  uživatelský  účet,  abyste  se  mohli  k  článku  kdykoli  vrátit  a  nemuseli  jej  platit  znovu.  Pokud  již  u  nás  účet  máte,    Potřebujeme  e-mailovou  adresu,  na  kterou  pošleme  potvrzení  o  platbě.  Pokračováním  nákupu  berete  na  vědomí,  že  společnost  Economia,  a.s.  bude  zpracovávat  vaše  osobní  údaje  v  souladu  se   Vyberte  si  způsob  platby 

https://archiv.ihned.cz/c1-66322840-firmy-se-nezamysleji-nad-tim-jak-ziskat-nejlepsiho-kandidata-rika-podnikatel-pri-naboru-manazeru-jim-zalezi-predevsim-na-cene| Firmy  se  nezamýšlejí  nad  tím,  jak  získat  nejlepšího  kandidáta,  říká  podnikatel.  Při  náboru  manažerů  jim  záleží  především  na  ceně | Byznysový  model  klasických  personálních  agentur  už  je  pro  nábor  topmanažerů  přežitý,  míní  Tomáš  Drážný,  ředitel  a zakladatel  portálu  Executivejob.cz.  Firmy  podle  něj  v poslední  době  více  sázejí  na vlastní  náborové  týmy  a tolik  se  neobracejí  na externí  profesionály.  Headhunteři  jsou  pro  ně  drazí  a jejich  celosvětová  úspěšnost  není  vysoká.  Personální  agentury  se  zase  tolik  nezaměřují  na kvalitu  kandidátů.  Svým  portálem  se  Drážný  snaží  dát  do rukou  headhunterů  a HR  manažerů  nový  nástroj  k náboru  lidí  do manažerských  pozic.  Usiluje  o to,  aby  hledání  bylo  inovativní  a nejelo  ve starých  kolejích,  protože  to  podle  něj  přestává  fungovat.  Záleží  na tom,  z jaké  perspektivy  se  díváme.  Jestli  z pohledu  HR  manažera,  společnosti,  headhunterů  nebo  personálních  agentur.  A co  tak  pozoruji,  nic  nefunguje  úplně  správně.  Společnosti  čím  dál  častěji  nespolupracují  s headhuntery  a personálními  agenturami,  ale  staví  si  interní  náborové  týmy.  Jednak  proto,  že  byznysový  model  personálních  agentur  je  přežitý  a nikdo  se  nad  ním  pořádně  nezamýšlí.  Roli  hraje  i to,  že  headhunteři  jsou  drazí  a jejich  celosvětová  úspěšnost  je  malá.  Obecně  jen  65  procent  kandidátů  dosazených  headhuntery  vydrží  ve firmě  do konce  garanční  doby.  A to  je  hrozně  málo,  protože  jejich  práce  stojí  firmy  statisíce.  Personální  agentury  se  pak  zaměřují  hlavně  na kvantitu,  a ne  na kvalitu.  Jejich  přežitý  byznys  jede  strašnou  setrvačností  dál.  Jedná  se  o hodně  konzervativní  trh.  A k tomu  všemu  po nich  HR  oddělení  firem  tento  model  pořád  chtějí.  Pracují  bez  exkluzivity  a na takzvané  success  fee.  To  znamená,  že  získají  peníze,  až  když  požadovaného  ředitele  do firmy  dodají.  Současně  vědí,  že  na tomtéž  projektu  dělají  i jiné  agentury.  Logicky  se  pak  nesoustřeďují  na kvalitu,  ale  snaží  se  jen  dosadit  kandidáta,  co  nejdříve  to  jde.  Chtějí  si  tím  zvýšit  pravděpodobnost,  že  právě  ony  dostanou  peníze.  A když  je  na straně  společnosti  někdo,  kdo  nemá  motivaci  přemýšlet  o tom,  jak  kvalitní  by  hledání  ředitele  mohlo  být,  často  chce  jen  levné  řešení,  protože  většinou  jsou  peníze  ukazatelem  úspěchu.  Takže  HR  oddělení  často  tlačí  firmy,  aby  nábor  probíhal  právě  takto  a  nikdo  se  nad  tím  nezamýšlí  ani  na jedné  straně.  Pokračování  textu  je  k dispozici  pouze  pro  platící  čtenáře  Předplatitelé  mají  i    Potřebujeme  e-mailovou  adresu,  na  kterou  pošleme  potvrzení  o  platbě.  Zároveň  vám  založíme  uživatelský  účet,  abyste  se  mohli  k  článku  kdykoli  vrátit  a  nemuseli  jej  platit  znovu.  Pokud  již  u  nás  účet  máte,    Potřebujeme  e-mailovou  adresu,  na  kterou  pošleme  potvrzení  o  platbě.  Pokračováním  nákupu  berete  na  vědomí,  že  společnost  Economia,  a.s.  bude  zpracovávat  vaše  osobní  údaje  v  souladu  se   Vyberte  si  způsob  platby 

https://byznys.ihned.cz/c1-66333170-postavit-novy-reaktor-do-roku-2035-jsme-uplne-na-hrane-ruske-reaktory-v-dukovanech-ale-maji-velkou-trvanlivost-rika-sef-cez-benes| Postavit  nový  reaktor  do  roku  2035?  Jsme  úplně  na  hraně.  Ruské  reaktory  v  Dukovanech  ale  mají  velkou  trvanlivost,  říká  šéf  ČEZ  Beneš | Vedení  polostátní  firmy  ČEZ  i  politici  už  několik  let  tvrdí,  že  doba  na  rozhodnutí  o  nových  reaktorech  se  krátí.  Termín  pro  to,  aby  se  nový  zdroj  stihl  postavit  do  plánovaného  roku  2035,  měl  být  nejdříve  letos  na  jaře,  potom  na  podzim.  Až  nyní  nicméně  premiér  Andrej  Babiš  a  ministryně  průmyslu  Marta  Nováková  přišli  s  tím,  že  není  kam  spěchat.  Vše  prý  může  vyřešit  prodloužení  životnosti  současných  bloků  v  Dukovanech  o  10  let.  Podle  generálního  ředitele  ČEZ  Daniela  Beneše  však  nedávné  politické  výroky  situaci  nijak  nezmění.  Beneš  v  souvislosti  s  tendrem  na  dostavbu  nových  bloků  uvádí,  že  se  neodehrává  žádný  nekalý  lobbing  ani  ze  strany  Hradu,  ani  ze  strany  zahraničních  firem.  "Když  chce  přijet  šéf  Westinghousu,  tak  se  s  ním  setkám.  Když  přijede  do  Prahy  šéf  Rosatomu,  tak  se  s  ním  setkám.  Ale  není  to  nic  tajného,  je  to  oficiální  schůzka  na  půdě  ČEZ,"  říká  šéf  společnosti  v  rozhovoru  pro  HN.   Stále  stejná.  Česko  má  energetickou  koncepci,  která  hovoří  o  tom,  že  by  se  měly  postavit  dva  nové  jaderné  bloky.  Koncepce  se  může  aktualizovat  kvůli  jednání  o  klimatickém  balíčku  EU  pro  rok  2030.  Ale  ty  změny  nebudou  tak  zásadní.  Poslední  číslo  je,  že  v  roce  2040  by  mělo  z  jádra  pocházet  50  procent  vyrobené  elektřiny.  To  se  podle  mého  nezmění.  Zásadní  debata  probíhá  o  tom,  kdo  by  byl  ten  subjekt,  který  by  s  dodavatelem  podepisoval  smlouvu  o  výstavbě  nového  reaktoru,  a  jaké  by  měl  akcionáře  (zda  by  to  byl  ČEZ,  jeho  část,  jeho  dceřiná  firma  atp.,  pozn.  red.).  Tyto  analýzy  a  debaty  ještě  neskončily.  Tyto  analýzy  je  potřeba  udělat  a  souběžně  se  vede  i  debata  s  politiky.  Výstavba  jaderného  bloku  je  tak  zásadní  a  tak  složitá,  že  je  potřeba  i  přípravu  udělat  do  velkého  detailu.  A  promyšleně,  ne  pod  nějakým  časovým  nebo  mediálním  tlakem.  To  zase  křivdíte  současné  politické  reprezentaci,  tak  dlouho  tam  nesedí.  To  je  úvaha,  kterou  se  politici  zabývají  a  my  to  s  nimi  konzultujeme.  Nic  se  ale  ještě  nerozhodlo.  Nějaká  rizika  tu  jsou.  Tedy  tím  úplně  největším  je  akceptovatelnost  takového  řešení  Evropskou  unií  a  sousedními  zeměmi.  A  pak  jsou  tu  technická  rizika,  tedy  aby  dalších  10  let  provozu  elektrárna  zvládla.  Když  se  před  třemi  lety  tvořila  státní  energetická  koncepce,  tak  se  počítalo  s  rokem  2035  a  ani  tady  nebylo  jisté,  že  to  bude  možné.  Reaktory,  které  máme  v  Dukovanech,  jsou  ruské  a  jsou  dost  bytelné.  A  z  průběžných  zkoušek  víme,  že  mají  velkou  trvanlivost.  Paní  Drábová  má  pravdu  v  tom,  že  je  tu  otázka  toho,  jestli  se  vám  vůbec  po  té  padesátce  vyplatí  finančně  ten  reaktor  udržovat.  Tuto  ekonomicko-technickou  analýzu  děláme  průběžně.  Pokračování  textu  je  k dispozici  pouze  pro  platící  čtenáře  Předplatitelé  mají  i    Potřebujeme  e-mailovou  adresu,  na  kterou  pošleme  potvrzení  o  platbě.  Zároveň  vám  založíme  uživatelský  účet,  abyste  se  mohli  k  článku  kdykoli  vrátit  a  nemuseli  jej  platit  znovu.  Pokud  již  u  nás  účet  máte,    Potřebujeme  e-mailovou  adresu,  na  kterou  pošleme  potvrzení  o  platbě.  Pokračováním  nákupu  berete  na  vědomí,  že  společnost  Economia,  a.s.  bude  zpracovávat  vaše  osobní  údaje  v  souladu  se   Vyberte  si  způsob  platby  Máte  zájem  o  informace  z  ekonomiky  v  širších  souvislostech?  Zadejte  svou  e-mailovou  adresu  a  každý  pátek  dopoledne  od  nás  dostanete  výběr  informací,  které  se  během  týdne  objevily  v  médiích.  Těšit  se  můžete  na  komentář  událostí  od  Leoše  Rouska,  hlavního  analytika  Hospodářských  novin.  Přihlášením  se  k  odběru  newsletteru  souhlasíte  se  zpracováním  osobních  údajů  a zasíláním  obchodních  sdělení,  více  informací   

https://byznys.ihned.cz/c1-66332380-t-mobile-do-zari-zvysil-provozni-zisk-o-pet-procent-na-8-5-miliardy-trzby-stouply-na-20-06-miliardy-korun| T-Mobile  zvýšil  za  tři  čtvrtletí  provozní  zisk  o  pět  procent  na  8,5  miliardy.  Tržby  stouply  na  20,06  miliardy  korun | Mobilní  operátor  T-Mobile  zvýšil  od  ledna  do  konce  září  provozní  zisk  (EBITDA)  meziročně  o  pět  procent  na  8,53  miliardy  korun.  Celkové  tržby  stouply  o  0,3  procenta  na  20,06  miliardy  korun.  Firma  to  ve  čtvrtek  oznámila  v  tiskové  zprávě.  Celkový  počet  zákazníků  zůstal  na  6,18  milionu,  z  toho  3,97  milionu  tvořili  tarifní  klienti.  Průměrný  měsíční  výnos  na  zákazníka  se  zvýšil  o  jednu  korunu  na  256  korun.
		 

https://byznys.ihned.cz/c1-66332200-v-cele-tesly-nahradi-elona-muska-robyn-denholmova-musk-muze-zustat-generalnim-reditelem| Elona  Muska  nahradí  v  čele  správní  rady  Tesly  Robyn  Denholmová,  dosavadní  finanční  ředitelka  největší  australské  telekomunikační  firmy.  Musk  zůstane  generálním  ředitelem | V  čele  automobilky  Tesla  nahradí  jejího  dosavadního  šéfa  a  zakladatele  jako  nová  předsedkyně  správní  rady  Robyn  Denholmová.  Americký  výrobce  elektromobilů  to  uvedl  ve  svém  čtvrtečním  sdělení.  Elon  Musk  se  funkce  vzdal  minulý  měsíc  kvůli  vyšetřování  finančními  dozorčími  orgány.  Tesla  uvedla,  že  Denholmová,  která  dosud  pracovala  jako  finanční  ředitelka  největší  australské  telekomunikační  firmy  Telstra  a  šéfovala  jejímu  oddělení  strategie,  bude  v  čele  rady  na  plný  pracovní  úvazek.  V  radě  Tesly  zasedá  od  srpna  2014.  Musk  v  srpnu  překvapil  finanční  trhy,  když  na  svém  twitterovém  účtu  napsal,  že  uvažuje  o  převzetí  Tesly  a  stažení  jejích  akcií  z  veřejného  obchodování.  Dodal,  že  má  pro  svůj  záměr  zajištěno  financování  a  že  by  za  akcie  podniku  nabídl  částku  výrazně  převyšující  jejich  tehdejší  tržní  hodnotu.  Později  však  uvedl,  že  s  potenciálními  investory  stále  jedná  a  že  žádná  dohoda  zatím  uzavřena  nebyla.    Tesla  a  Musk  podle  dohody  každý  zaplatí  20  milionů  dolarů  (zhruba  446  milionů  korun)  a  Musk  musí  alespoň  na  tři  roky  odstoupit  z  funkce  předsedy  správní  rady  podniku.  Může  však  zůstat  generálním  ředitelem  Tesly. 

https://byznys.ihned.cz/c1-66331990-zisk-komercni-banky-klesl-za-tri-ctvrtleti-dosahl-11-miliard-korun-vynosy-ale-rostou-diky-objemu-vkladu-i-uveru| Zisk  Komerční  banky  klesl  o  2,4  procenta  na  11  miliard  korun.  Výnosy  ale  rostou  díky  objemu  vkladů  i  úvěrů | Komerční  bance  za  tři  čtvrtletí  letošního  roku  klesl  čistý  zisk  meziročně  o  2,4  procenta  na  11  miliard  korun.  Bez  započtení  jednorázových  položek,  kam  patří  letošní  vytvoření  restrukturalizační  rezervy  nebo  loňský  prodej  budovy  centrály,  se  ale  zvýšil  o  6,1  procenta.  Provozní  výnosy  stouply  o  2,6  procenta  na  23,7  miliardy  korun.   "K  celkově  solidním  výnosům  za  devět  měsíců  nejvíce  přispěly  příjmy  z  úroků  a  z  finančních  operací.  Vedle  toho  jsme  zaznamenali  vynikající  výsledek  v  oblasti  nákladů  na  rizika  a  udrželi  jsme  provozní  náklady  pod  kontrolou.  Současně  jsme  dokázali  navýšit  celkový  počet  našich  zákazníků,"  komentoval  výsledky  generální  ředitel  Komerční  banky  Jan  Juchelka.  Objem  úvěrů  vzrostl  meziročně  o  3,8  procenta  na  628,6  miliardy  korun.  Úvěry  na  bydlení  i  spotřebitelské  úvěry  se  zvýšily  shodně  o  5,4  procenta.  Podnikatelské  úvěry  stouply  o  3,2  procenta.  Čisté  úrokové  výnosy,  které  tvoří  největší  část  celkových  výnosů,  se  meziročně  zvýšily  o  5,8  procenta  zásluhou  růstu  objemu  vkladů  i  úvěrů  a  díky  růstu  výnosů  z  reinvestování  vkladů.  "Mírný  pokles  výnosů  z  poplatků  o  1,1  procenta  odrážel  intenzivní  konkurenci  na  trhu,"  uvedla  banka.  Provozní  náklady  stouply  o  0,4  procenta  na  11  miliard  korun.  Celková  aktiva  skupiny  KB  vzrostla  ke  konci  září  o  13,5  procenta  na  1,14  bilionu  korun.  Závazky  se  ve  srovnání  se  začátkem  roku  zvýšily  o  14,8  procenta  na  1,04  bilionu  korun.  Počet  zákazníků  Komerční  banky  vzrostl  o  12  tisíc  na  1,67  milionu,  celá  skupina  KB  měla  2,39  milionu  klientů.  Zaměstnanců  meziročně  mírně  ubylo  zhruba  na  8430.  "Vyšší  efektivita  procesů  povede  ke  snížení  celkového  počtu  zaměstnanců  o  pět  procent  do  první  poloviny  roku  2019  oproti  stavu  na  konci  roku  2017,"  uvedla  banka.  Ke  konci  září  měla  375  poboček  a  763  bankomatů.  Hlavním  majitelem  banky  je  francouzská  Société  Générale  s  podílem  60,4  procenta.  Na  pražské  burze  ve  středu  akcie  KB  posílily  o  více  než  dvě  procenta  nad  hranici  883  korun. 

https://byznys.ihned.cz/c1-66333520-cesko-raj-pornobyznysu| Praha  je  jedním  ze  světových  center  pornobyznysu.  Česko  nad  ostatními  zeměmi  vyniká  mírnými  zákony  i  ateismem | Od mezinárodní  konference  o pornobyznysu  by  nepoučený  pozorovatel  očekával  opulentnost,  lascivnost  a nevkus.  Akce  nazvaná  Evropský  summit,  která  se  odehrála  koncem  září,  je  ale  stejně  nenápadná  jako  její  jméno.  A nenápadní  jsou  i její  účastníci.  K vidění  nejsou  spoře  oděné  pornoherečky  ani  pornomagnáti  v křiklavých  oblecích −  1600  zdejších  hostů  kolem  korzuje  v decentních  šatech  nebo  v konferenčních  sálech  pozorně  naslouchá  četným  oborovým  přednáškám.  Zdánlivě  tu  tak  probíhá  klasické  byznysové  setkání,  jakých  jsou  po celém  světě  tisícovky.  Reklamní  poutače  lákají  ke stánkům  zdejších  vystavovatelů,  ale  dávají  na první  pohled  znát,  že  se  tu  řeší  něco,  co  jinde  neuvidíte:  pornobyznys,  v němž  hrají  hlavní  roli  obchodní  dohody  pornowebů,  inovace  v placení  za erotické  služby  nebo  také  četné  technologické  trendy,  jako  jsou  virtuální  realita  nebo  erotické  pomůcky  umožňující  sexuální  interakci  přes  internet.  Ne  náhodou  se  jedna  z největších  pornobyznysových  akcí  světa  koná  v Praze.  České  hlavní  město  si  už  od devadesátých  let  drží  pozici  jednoho  z hlavních  center  globálního  pornobyznysu.  Pokračování  textu  je  k dispozici  pouze  pro  platící  čtenáře  Předplatitelé  mají  i    Potřebujeme  e-mailovou  adresu,  na  kterou  pošleme  potvrzení  o  platbě.  Zároveň  vám  založíme  uživatelský  účet,  abyste  se  mohli  k  článku  kdykoli  vrátit  a  nemuseli  jej  platit  znovu.  Pokud  již  u  nás  účet  máte,    Potřebujeme  e-mailovou  adresu,  na  kterou  pošleme  potvrzení  o  platbě.  Pokračováním  nákupu  berete  na  vědomí,  že  společnost  Economia,  a.s.  bude  zpracovávat  vaše  osobní  údaje  v  souladu  se   Vyberte  si  způsob  platby 

https://ihned.cz/?p=000000_authors&article%5baut_id%5d=10705420||

https://byznys.ihned.cz/c1-66316370-bloomberg-cesko-muze-odlozit-vystavbu-novych-jadernych-bloku-nechceme-rozhodovat-pod-tlakem-rika-ministryne-novakova| Bloomberg:  Česko  může  odložit  výstavbu  nových  jaderných  bloků.  Nechceme  rozhodovat  pod  tlakem,  říká  ministryně  Nováková | Česká  vláda  může  odložit  rozhodnutí,  zda  bude  nutit  společnost  ČEZ  do  nevýnosné  výstavby  nových  reaktorů  v  hodnotě  několika  miliard  dolarů.  V  rozhovoru  s  agenturou    "O  výstavbě  nových  jaderných  bloků  nemůžeme  rozhodovat  pod  tlakem,  nechceme  být  pod  tlakem  dodavatelů  či  jiných  subjektů,"  uvedla  Nováková  v  rozhovoru  s  agenturou,  který  se  uskutečnil  minulý  týden  a  agentura  ho  zveřejnila  v  pondělí.  "Ministerstvo  financí  také  analyzuje  rizika  potenciálních  soudních  sporů,"  dodala.  Babiš  uvedl,  že  o  odložení  výstavby  reaktorů  jednal  s  energetickým  koncernem  ČEZ,  jehož  je  stát  většinovým  vlastníkem.  "Odklad  je  jedna  z  alternativ,  kterou  jsme  diskutovali  na  posledním  jednání  se  zástupci  společnosti  ČEZ,"  řekl  premiér    Menšinoví  akcionáři  ČEZ  dlouhodobě  tvrdí,  že  zatížení  podniku  náklady  na  jadernou  expanzi  by  prakticky  vynulovalo  jejich  zisky  a  dividendy.  Část  jich  je  sdružena  kolem  ekonoma  a  poradce  investiční  skupiny  J&T  Michala  Šnobra.  "Náš  postoj  není  vyložené  protijaderný.  Celou  dobu  jen  říkáme,  že  nás  nikdo  nemůže  postavit  před  hotovou  věc,  a  říct  -  ´Milí  minoritní  akcionáři,  vy  tady  (v  ČEZ)  máte  peníze.  My  ty  vaše  peníze  použijeme,  a  vy  buďte  zticha  a  to,  že  o  ně  možná  přijdete,  to  vám  vlastně  vadit  nemusí´,"  řekl  v  pondělí  Šnobr.  Možné  odložení  rozhodnutí  o  stavbě  nového  bloku  vítá.  "V  tomto  okamžiku  tady  není  nikdo,  kdo  umí  postavit  technologicky  vyspělou  jadernou  elektrárnu  za  rozumné  peníze  a  v  rozumném  čase  uvnitř  Evropské  unie,"  uvedl.  Souhlasí  s  Novákovou,  že  variantou  může  být  prodloužení  životnosti  současných  jaderných  elektráren.  Dukovanský  blok  číslo  jedna  slouží  od  roku  1985  a  poslední  čtvrtý  blok  Dukovan  od  roku  1987.  S  odstavením  bloků  se  v  současné  době  počítá  zhruba  v  letech  2035  až  2037,  tedy  po  50  letech.  Podle  Šnobra  je  možné  životnost  prodloužit  až  na  60  let.  "Podobnou  cestu  plánuje  podstoupit  také  Francie,  Švédsko  nebo  USA,"  podotkl.  Dodal,  že  možností  je  například  i  stavba  nové  plynové  elektrárny.  Jako  realistický  hodnotí  postoj  Novákové  analytik  společnosti  ENA  Jiří  Gavor.  "Ani  podstatné  zvýšení  cen  elektřiny,  kterého  jsme  v  posledním  roce  svědky,  neposouvá  nový  jaderný  blok  do  pozice  komerčně  zajímavého  projektu  pro  podnikatelský  subjekt  jakým  je  ČEZ,  který  přes  většinové  státní  vlastnictví  je  povinen  dbát  na  zájmy  všech  akcionářů,"  řekl.  Špatný  investiční  a  finanční  model  podle  něj  může  znamenat  buď  vleklé  soudní  spory  s  nejistým  výsledkem  pro  stát,  nebo  zamítnutí  ze  strany  Bruselu.  "Odklad  finálního  rozhodnutí  by  mě  proto  nepřekvapil,"  dodal.  Podle  premiéra  Andreje  Babiše  (ANO)  si  společnost  ČEZ,  která  je  ze  70  procent  státní,  může  dovolit  postavit  v  Dukovanech  nejméně  jeden  další  blok.  Nováková  agentuře  řekla,  že  se  spolu  s  právníky,  s  premiérem  Babišem  a  ministryní  financí  Alenou  Schillerovou  (za  ANO)  snaží  najít  řešení,  které  by  se  vypořádalo  se  soudními  spory  a  minimalizovalo  náklady  státu.  "Uvědomujeme  si,  že  existují  reálná  rizika  osobní  právní  odpovědnosti  nejen  pro  vedení  ČEZ,  ale  i  pro  předsedu  vlády,  pro  mě  a  pro  ministryni  financí,"  uvedla  Nováková.  "Samozřejmě  doufáme,  že  pro  výstavbu  nových  reaktorů  najdeme  model,  který  by  tato  rizika  eliminoval,"  dodala.  Už  v  srpnu  ministryně  uvedla,  že  o  finančním  modelu  stavby  by  se  mělo  rozhodnout  do  konce  letošního  roku.  Celkem  se  o  stavbu  jaderného  bloku  v  Česku  podle  dřívějších  informací  zajímá  šest  společností.  Jde  o  ruskou  státní  společnost  Rosatom,  francouzskou  EDF,  jihokorejskou  KHNP,  čínskou  China  General  Nuclear  Power,  společný  projekt  Arevy  a  Mitsubishi  Atmea  a  americký  Westinghouse.    

https://byznys.ihned.cz/c1-66312320-fintech-firmy-pretahuji-bankam-klienty-ty-tak-musi-nabizet-neco-navic-aby-se-ubranily-v-pobalti-napriklad-nabizeji-rusum-moznost-obejit-byrokracii| Fintech  firmy  přetahují  bankám  klienty.  Ty  tak  musí  nabízet  něco  navíc,  aby  se  ubránily.  V  Pobaltí  například  nabízejí  Rusům  možnost  obejít  byrokracii | Klienti  od  bank  požadují  tři  základní  druhy  služeb:  účty,  zprostředkování  plateb  a  úvěry.  Všechny  musí  být  kvalitní,  digitální  a  nejlépe  zdarma.  Nové  fintech  start-upy  však  chtějí  bankám  jejich  klienty  přebrat  a  zatím  se  jim  to  daří.  Tradiční  banky  proto  musí  nabídnout  něco  navíc.  Příkladem  mohou  být  banky  v pobaltských  republikách.  Mnohé  z nich  vyrostly  díky  tomu,  že  běžným  klientům  z Ruska  poskytují  způsob,  jak  obejít  ruskou  byrokracii.  Nejde  o  praní  špinavých  peněz,  ale  o  čistě  klientsky  přívětivé  a  užitečné  služby.  Pokračování  textu  je  k dispozici  pouze  pro  platící  čtenáře  Předplatitelé  mají  i    Potřebujeme  e-mailovou  adresu,  na  kterou  pošleme  potvrzení  o  platbě.  Zároveň  vám  založíme  uživatelský  účet,  abyste  se  mohli  k  článku  kdykoli  vrátit  a  nemuseli  jej  platit  znovu.  Pokud  již  u  nás  účet  máte,    Potřebujeme  e-mailovou  adresu,  na  kterou  pošleme  potvrzení  o  platbě.  Pokračováním  nákupu  berete  na  vědomí,  že  společnost  Economia,  a.s.  bude  zpracovávat  vaše  osobní  údaje  v  souladu  se   Vyberte  si  způsob  platby  Máte  zájem  o  informace  z  ekonomiky  v  širších  souvislostech?  Zadejte  svou  e-mailovou  adresu  a  každý  pátek  dopoledne  od  nás  dostanete  výběr  informací,  které  se  během  týdne  objevily  v  médiích.  Těšit  se  můžete  na  komentář  událostí  od  Leoše  Rouska,  hlavního  analytika  Hospodářských  novin.  Přihlášením  se  k  odběru  newsletteru  souhlasíte  se  zpracováním  osobních  údajů  a zasíláním  obchodních  sdělení,  více  informací   

https://archiv.ihned.cz/c1-66333520-cesko-raj-pornobyznysu| Praha  je  jedním  ze  světových  center  pornobyznysu.  Česko  nad  ostatními  zeměmi  vyniká  mírnými  zákony  i  ateismem | Od mezinárodní  konference  o pornobyznysu  by  nepoučený  pozorovatel  očekával  opulentnost,  lascivnost  a nevkus.  Akce  nazvaná  Evropský  summit,  která  se  odehrála  koncem  září,  je  ale  stejně  nenápadná  jako  její  jméno.  A nenápadní  jsou  i její  účastníci.  K vidění  nejsou  spoře  oděné  pornoherečky  ani  pornomagnáti  v křiklavých  oblecích −  1600  zdejších  hostů  kolem  korzuje  v decentních  šatech  nebo  v konferenčních  sálech  pozorně  naslouchá  četným  oborovým  přednáškám.  Zdánlivě  tu  tak  probíhá  klasické  byznysové  setkání,  jakých  jsou  po celém  světě  tisícovky.  Reklamní  poutače  lákají  ke stánkům  zdejších  vystavovatelů,  ale  dávají  na první  pohled  znát,  že  se  tu  řeší  něco,  co  jinde  neuvidíte:  pornobyznys,  v němž  hrají  hlavní  roli  obchodní  dohody  pornowebů,  inovace  v placení  za erotické  služby  nebo  také  četné  technologické  trendy,  jako  jsou  virtuální  realita  nebo  erotické  pomůcky  umožňující  sexuální  interakci  přes  internet.  Ne  náhodou  se  jedna  z největších  pornobyznysových  akcí  světa  koná  v Praze.  České  hlavní  město  si  už  od devadesátých  let  drží  pozici  jednoho  z hlavních  center  globálního  pornobyznysu.  Pokračování  textu  je  k dispozici  pouze  pro  platící  čtenáře  Předplatitelé  mají  i    Potřebujeme  e-mailovou  adresu,  na  kterou  pošleme  potvrzení  o  platbě.  Zároveň  vám  založíme  uživatelský  účet,  abyste  se  mohli  k  článku  kdykoli  vrátit  a  nemuseli  jej  platit  znovu.  Pokud  již  u  nás  účet  máte,    Potřebujeme  e-mailovou  adresu,  na  kterou  pošleme  potvrzení  o  platbě.  Pokračováním  nákupu  berete  na  vědomí,  že  společnost  Economia,  a.s.  bude  zpracovávat  vaše  osobní  údaje  v  souladu  se   Vyberte  si  způsob  platby 

https://ihned.cz/predplatne-hnplus/?utm_source=ihned&utm_medium=paywall-banner&utm_term=economia-weby&utm_campaign=predplatne-hn&backlink=https://archiv.ihned.cz/c1-66333520-cesko-raj-pornobyznysu|| Nabídka  měsíce  zdarma  platí  pouze  pro  nové  předplatitele.  Podmínkou  pro  získání  této  výhody  je  zadání  a  uložení  platební  karty  pro  automatickou  platbu  na  další  období.  Automatickou  platbu  můžete  kdykoliv  zrušit.  Hledáte  i  jiné  produkty  vydavatelství  Economia?  Navštivte  náš    Potřebujeme  e-mailovou  adresu,  na  kterou  pošleme  potvrzení  o  platbě.  Zároveň  vám  založíme  uživatelský  účet,  abyste  se  mohli  k  článku  kdykoli  vrátit  a  nemuseli  jej  platit  znovu.  Pokud  již  u  nás  účet  máte,    Potřebujeme  e-mailovou  adresu,  na  kterou  pošleme  potvrzení  o  platbě.  Pokud  chcete  předplatné  zakoupit  na  jiný  účet,  nejdříve  se  odhlaste  a  poté  se  buď  přihlaste  pod  cílovým  účtem,  nebo  pokračujte  jako  nový  zákazník.  V  takovém  případě  bude  účet  vytvořen.  Ve  Vašem  účtu  není  vyplněna  e-mailová  adresa.  Abyste  ji  nemuseli  zadávat  při  každém  nákupu  a  bylo  možné  Vám  obnovit  heslo  v  případě  ztráty,  vyplňte  ji  v  nastavení  účtu  (  Pokud  uložíte  platební  kartu  pro  automatickou  obnovu  předplatného,  získáte    Tato  nabídka  platí  pouze  pro  zákazníky,  kteří  zatím  digitální  předplatné  Hospodářských  Novin  nevyužili,  nakoupí  pomocí    Pokračováním  nákupu  berete  na  vědomí,  že  společnost  Economia,  a.s.  bude  zpracovávat  vaše  osobní  údaje  v  souladu  se   Z  technických  důvodů  musíme  strhnout  z  vaší  platební  karty  jednu  korunu.  Ale  nebojte  se,  obratem  vám  ji  vrátíme.  Máte  dotazy  ohledně  předplatného?  Neváhejte  nás  kontaktovat  na    Platbu  kartou  i  on-line  platbu  zabezpečuje   

https://nazory.ihned.cz/c1-66331500-my-havlovy-deti-posledni-generace-ktera-se-ma-lepe-nez-jejich-rodice-na-zapade-i-jihu-uz-zacina-boure| My,  Havlovy  děti.  Poslední  generace,  která  se  má  lépe  než  jejich  rodiče.  Na  západě  i  jihu  už  začíná  bouře | Když  se  řekne  v  Česku  mileniál,  vybaví  si  lidé  často  člověka,  jenž  dokonale  ovládá  práci  s  počítačem  a  nejlépe  jako  bokovku  zakládá  start-up.  Je  liberální,  silně  demokraticky  smýšlející  a  je  méně  materialistický  než  jeho  rodiče.  To  byl  výčet  mýtů,  které  se  bohužel  s  nastupující  generací  pojí.  Mileniál  je  i  mladý  kuchtík  v  menze,  elektromechanik,  pokrývač,  dělník  na  stavbě.  Popravdě,  mileniálové  jsou  především  oni.  I  když  vysokou  školu  dokončuje  stále  více  lidí,  většina  pořád  končí  s  výučním  listem  či  maturitním  vysvědčením.  Skupina  mileniálů  je  tak  velmi  roztříštěná  a  hodnoty  většiny  z  nich    Nicméně  stále  platí,  že  se  mají  lépe  než  jejich  rodiče.  Jednou  možností,  jak  se  podívat  na  situaci  mladých,  je  využít  ukazatele  míry  ohrožení  chudobou.  Ta  v  Česku  u  celé  populace  činí  12,2  procenta,  zatímco  u  mladých  lidí  dosahuje  11,4  procenta.  To  jsou  v  obou  případech  suverénně  nejlepší  výsledky  za  celou  Evropskou  unii.  Byť  sám  ukazatel  trpí  například  tím,  že  v  Česku  je  mnoho  lidí,  kteří  jsou  jen  těsně  nad  prahem  chudoby,  nebo  nezohledňuje  exekuce,  nabízí  alespoň  nějaké  porovnání.  Minulý  rok  tak  byl  rozdíl  v  ohrožení  chudobou  mezi  mladými  a  celou  populací  0,8  procentního  bodu.  V  roce  2011  to  ale  bylo  ve  prospěch  mladých  lidí  ještě  1,4  procentního  bodu  a  v  roce  2007  dokonce  2,8  procentního  bodu.  Mezera  se  tak  začíná  pomalu  uzavírat.  A  je  otázkou,  zda  se  trend  zastaví,  nebo  bude  pokračovat.  Bohužel  například  situace  na  trhu  bydlení  věstí  spíše  druhou  možnost.  Konkrétně  v  Praze  už  jsou  hypotéky  pouze  pro  movitější  lidi,  neboť  s  průměrnou  mzdou  na  ni  nikdo  nedosáhne.  A  tak  mnoho  lidí,  převážně  mladých,  je  odsouzeno  hledat  si  nájemní  bydlení.  Nájemní  bydlení  ale  čistě  statisticky  znamená  vyšší  míru  ohrožení  chudobou,  trpí  jí  každá  pátá  domácnost.  V  případě  bydlení  ve  vlastním  domě  či  bytě  je  ohroženo  jen  necelých  sedm  procent.  A  situace  na  trhu  bydlení  je  zejména  ve  velkých  městech  zoufalá.  Kvůli  obrovskému  převisu  poptávky  tak  mimo  jiné  panuje  na  trhu  silná  diskriminace  mladých  rodin  s  dětmi,  lidmi  s  domácími  mazlíčky  nebo  obecně  mužů,  jak    Podobný  vývoj  hlásí  i  další  postkomunistické  země.  Na  Slovensku  činí  zmiňovaný  rozdíl  mezi  chudobou  mladých  a  celé  populace  ve  prospěch  mladých  1,6  procentního  bodu.  Ještě  v  roce  2007  šlo  o  4,4  procentního  bodu.  Obdobná  je  situace  v  Polsku,  Rumunsku  a  dalších  zemích  východního  křídla.  Všechny  tyto  země  mají  díky  totalitě,  kterou  prošly,  jednu  výhodu.  Byť  to  zní  cynicky,  díky  tomu,  že  komunisté  tyto  země  ekonomicky  zbrzdili,  jsou  pozadu  za  západními  i  jižními,  mohou  na  vývoji  svých  vyspělejších  sousedů  vidět,  co  je  čeká  v  budoucnu. Pojďme  se  tedy  podívat  do  křišťálové  koule.  Pokračování  textu  je  k dispozici  pouze  pro  platící  čtenáře  Předplatitelé  mají  i    Potřebujeme  e-mailovou  adresu,  na  kterou  pošleme  potvrzení  o  platbě.  Zároveň  vám  založíme  uživatelský  účet,  abyste  se  mohli  k  článku  kdykoli  vrátit  a  nemuseli  jej  platit  znovu.  Pokud  již  u  nás  účet  máte,    Potřebujeme  e-mailovou  adresu,  na  kterou  pošleme  potvrzení  o  platbě.  Pokračováním  nákupu  berete  na  vědomí,  že  společnost  Economia,  a.s.  bude  zpracovávat  vaše  osobní  údaje  v  souladu  se   Vyberte  si  způsob  platby  Máte  zájem  o  informace  v  širších  souvislostech?  Zadejte  Vaši  e-mailovou  adresu  a  každý  pátek  dopoledne  od  nás  dostanete  výběr  komentářů,  které  se  během  týdne  objevily  na  stránkách  Hospodářských  novin.  Těšit  se  můžete  na  komentáře  Petra  Honzejka,  předního  ekonoma  Tomáše  Sedláčka,  kardiologa  Josefa  Veselky  a  dalších.  Přihlášením  se  k  odběru  newsletteru  souhlasíte  se  zpracováním  osobních  údajů  a zasíláním  obchodních  sdělení,  více  informací   

https://archiv.ihned.cz/c1-66332880-kdyz-mam-nejakou-spatnou-myslenku-normalne-ji-vezmu-a-dam-ji-pryc-udelam-gesto-rika-nejlepsi-ceska-golfistka-klara-spilkova| Když  mám  při  turnaji  špatné  myšlenky,  gestem  ruky  je  odhodím,  říká  nejlepší  česká  golfistka  Spilková  o  tom,  jak  jí  pomáhá  meditace | Něco  velkého.  Ve všem.  I ve sportu.  Má  to  mnoho  rozměrů:  jak  se  tam  sport  včetně  golfu  sleduje,  jak  se  podporuje.  Bylo  mi  12  a byl  to  můj  vůbec  první  let  letadlem.  Letěli  jsme  do West  Palm  Beach  trénovat.  Byla  jsem  z toho  nadšená.  Třeba  tam  byl  tréninkový  green,  okolo  něj  bunkery  (písečné  překážky,  pozn.  red.)  a v každém  byly  písky  z jiných  koutů  světa,  támhle  ze St.  Andrews,  támhle  zase  z Masters.  Ve čtyřech  letech.  Částečně  to  takto  asi  jde  říct.  Byly  však  i sezony,  kdy  mi  to  úplně  nešlo.  Ale  zase  když  se  vám  chvíli  nedaří,  vždycky  si  z toho  něco  vezmete.  Samozřejmě  jsem  měla  taky  spoustu  období,  kdy  jsem  si  říkala,  že  se  na to  vykašlu.  Kdy  se  mi  na to  hřiště  vůbec  nechtělo.  Někdy  to  není  snadné  vymazat,  ale  učím  se  s tím  pracovat.  Hodně  funguje,  když  koncentraci  na golf  prokládám  úplně  normálními  věcmi.  Aby  si  hlava  odpočinula.  Život  přece  není  jenom  golf.  Jsem  ráda  doma,  zajdu  si  na procházku.  Ráda  čtu,  vařím…  Mám  ráda  biografie.  Moc  se  mi  líbila  knížka  od Andreho  Agassiho  Open.  A teď  jsem  dočetla  knížku,  která  se  jmenuje  Eva.  Je  to  taková  spirituální  knížka  od Williama  Paula  Younga.  ◼  Před  pár  dny  zvládla  rodačka  z  Prahy  Klára  Spilková  kvalifikaci  na  americkou  golfovou  sérii  Ladies  Professional  Golf  Association  (LPGA).  Příští  sezonu  tak  drobnou  usměvavou  golfistku  čeká  kalendář  nabitý  turnaji  v  zámoří.  Oslavila  to  docela  normálně.  "Dala  jsem  si  pivo  dvě,  po  příletu  domů  pak  chleba  se  sádlem  a  se  škvarky  a  zase  pivo,"  hlásila.  ◼  Po  našem  středečním  povídání  se  těšila  na  oběd  s  celým  svým  týmem  a  rodinou.  Také  na  čas  s  přítelem  Martinem  Procházkou,  který  je  zároveň  jejím  fyzioterapeutem.  "A  chci  zkusit  ty  elektrické  koloběžky,  které  teď  jsou  v  centru  Prahy,"  plánovala  absolventka  Gymnázia  Oty  Pavla  v  Radotíně  první  dny  svých  "prázdnin",  které  brzy  vystřídá  příprava  na  novou  sezonu.  ◼  Rozhovor,  který  jsme  spolu  vedli,  se  po  chvíli  stočil  k  úplně  jiným  věcem,  než  jsme  si  v  redakci  plánovali.  Spilková  určitě  není  "jen"  sportovkyně.  Jednou  z  věcí,  které  ji  v  poslední  době  zajímají  mnohem  víc  než  kdy  dřív,  je  snaha  poznat  sama  sebe.  Dokonce  jsme  se  dostali  k  tomu,  co  je  smyslem  života.  "My  všichni  jsme  ten  smysl  už  naplnili.  Jen  samotnou  naší  existencí,  tím,  že  jsme,  jsme  ho  dosáhli,"  říká  rázně.  Je  tedy  šťastná?  Rychlá  odpověď:  "Ano,  občas  zažívám  pocity  jisté  blaženosti,  naplnění."  ◼  Spilková  má  za  sebou  111  turnajů  Ladies  European  Tour  (LET),  jeden  z  nich  loni  vyhrála.  V  letošní  sezoně  LET,  v  tabulce  Order  of  Merit,  jí  patří  11.  místo.  Na  evropské  tour  si  v  letošním  roce  vydělala  téměř  53  tisíc  eur  (skoro  1,4  milionu  korun).  Během  celé  dosavadní  kariéry  na  ní  na  odměnách  za  umístění  vydělala  414  tisíc  eur  (v  přepočtu  téměř  10,7  milionu  korun).  ◼  Golfovou  profesionálkou  je  od  roku  2010.  Jedním  z  jejích  dalších  velkých  sportovních  zážitků  je  účast  na  olympiádě  v  roce  2016  v  brazilském  Rio  de  Janeiru,  kde  skončila  48.  Co  plánuje  dál?  "Dosud  jsem  měla  pořád  nějaké  plány,  sny.  Teď  to  tak  necítím.  Chci  si  užít,  jak  to  je.  Užít  si  sezonu  v  USA.  Když  budu  klidná  a  srovnaná,  výsledky  přijdou  a  budu  se  díky  tomu  i  přirozeně  zlepšovat,"  soudí.  Koupila  jsem  si  nedávno  kuchařku  od Kamu.  Ta  je  skvělá.  Podle  ní  jsem  se  i naučila  vařit,  řekla  bych.  Klasiky,  které  dělá  máma,  jako  guláš  a svíčkovou  ještě  neumím,  ale  taky  se  do toho,  myslím,  jednou  pustím.  Samozřejmě  musí.  Když  turnaj  skončí,  člověk  si  chvíli  dopřeje,  ale  pak  se  musí  omezovat.  V obdobích  před  turnaji  zmizí  smažené  věci,  sladké  a nahradí  je  ovoce,  zelenina.  Vždycky  jsem  si  myslela,  že  půjdu  na nějakou  vysokou  školu,  ale  začínám  mít  pocit,  že  k tomu,  aby  byl  člověk  v životě  šťastný,  školu  nepotřebuje.  Když  je  šikovný,  vzdělá  se  a informace  si  najde  i sám.  Po ránu  jdu  hrát,  lehký  oběd,  pak  nějaké  fyzio,  nějaké  cviky,  jdu  na dobrou  večeři.  Když  se  podaří  mít  po hře  chvíli  čas  a jsem  na nějakém  zajímavém  místě,  snažím  se  dělat  různé  výlety.  Pokud  je  v okolí  nějaký  park,  nějaká  přírodní  rezervace,  jdu  se  tam  třeba  proběhnout  nebo  si  tam  jdu  číst.  Ne.  Jsem  dnes  dobrá  hráčka.  Hodně  mě  posílily  dřívější  roky,  kdy  jsem  musela  dost  bojovat  o udržení  karty  na evropské  tour.  Nemyslím  si,  že  bych  teď  měla  něco  dělat  jinak,  lépe.  Jsem  spokojená  se  vším,  jak  to  je.  Vše  by  mělo  zůstat.  Caddie  Martin  Konečný  je  jako  já  velmi  citlivý  člověk  a golf  stejně  jako  já  miluje.  Když  se  spolu  o golfu  bavíme,  úplně  mu  svítí  oči.  Asi  to  nás  spojuje.  On  je  velkou  součástí  mého  úspěchu  a netřeba  na tom  nic  měnit.  Budeme  muset  jen  vymyslet,  do jaké  míry  budou  lidé  kolem  mě  moci  se  mnou  dál  být.  Chtěla  bych  si  je  všechny  nechat  24  hodin  denně,  zároveň  ale  mají  své  další  povinnosti,  takže  některá  spolupráce  s nimi  bude  muset  být  víc  na dálku.  Nejspíš  na Floridě,  odkud  by  to  mohlo  být  relativně  blízko  do všech  míst,  kde  se  LPGA  hraje.  Můj  manažer  v té  věci  už  něco  připravoval.  Trenér  za mnou  bude  dojíždět.  Caddie  Martin  by  se  mnou  měl  strávit  komplet  celou  sezonu.  Kde  budu,  bude  i on.  Pokračování  textu  je  k dispozici  pouze  pro  platící  čtenáře  Předplatitelé  mají  i    Potřebujeme  e-mailovou  adresu,  na  kterou  pošleme  potvrzení  o  platbě.  Zároveň  vám  založíme  uživatelský  účet,  abyste  se  mohli  k  článku  kdykoli  vrátit  a  nemuseli  jej  platit  znovu.  Pokud  již  u  nás  účet  máte,    Potřebujeme  e-mailovou  adresu,  na  kterou  pošleme  potvrzení  o  platbě.  Pokračováním  nákupu  berete  na  vědomí,  že  společnost  Economia,  a.s.  bude  zpracovávat  vaše  osobní  údaje  v  souladu  se   Vyberte  si  způsob  platby 

https://archiv.ihned.cz/c1-66333560-sloupek-milose-cermaka-moje-prvni-rec-na-vernisazi-pojmenoval-jsem-umeni-kazdodennosti| Sloupek  Miloše  Čermáka:  Moje  první  řeč  na  vernisáži.  Pojmenoval  jsem  umění  každodennosti | Dámy  a pánové,  když  mě  Pavel  Beneš  poprosil,  abych  promluvil  na vernisáži  jeho  výstavy,  byl  jsem  potěšen  i překvapen.  V této  roli  se  ocitám  poprvé.  A jak  to  v podobných  případech  bývá,  cítím  vzrušení  i obavy.  Jsem  celkem  zdatným  autorem  nekrologů.  To  jsem  v minulosti  prokázal.  Nenapsal  jsem  jich  moc,  ale  uměly  takzvaně  vzít  za srdce.  Dokazuje  to  i fakt,  že  mám  od svých  přátel  několik  předběžných  objednávek.  Takže  kdyby  toto  byl  smuteční  kar,  a nikoli  vernisáž,  garantuji,  že  by  jediné  oko  nezůstalo  suché.  Ale  jelikož  je  mým  úkolem  otevřít  výstavu,  nemohu  zaručit  nic.  Ptal  jsem  se  samozřejmě  autora,  co  by  chtěl,  aby  v mé  řeči  zaznělo.  "Je  mi  to  celkem  jedno,"  prohlásil.  "Požaduji  jen  to,  abys  mě  vychválil  do nebes."  S dovolením  se  o to  pokusím.  Nejsem  úplný  nováček,  aspoň  co  se  týče  vystupování  na společenských  akcích.  A nespecializuji  se  pouze  na pohřby.  Například  jsem  byl  už  pětkrát  za svědka  na svatbě.  Moje  skóre  je  dva  tři  v neprospěch  rozvodů.  I to  ukazuje  mou  úspěšnost.  V trvanlivosti  manželství  si  ta  "má"  vedou  lépe  než  celostátní  průměr.  Čímž  se  dostávám  k tomu,  jak  jsme  se  s Pavlem  poznali.  Zeptal  jsem  se  ho  v roce  1991,  kdy  už  byl  uznávaným  grafikem  s dobrou  pověstí  a já  začínajícím  reportérem  v časopisu  Reflex,  jestli  by  mi  neudělal  pozvánku  na svatbu.  Souhlasil.  Udělal  ji  ve formě  složenky.  Pamětníci  z mé  generace,  i ti  starší  z vás,  vědí.  Zelený  podlouhlý  proužek  papíru,  kterým  se  za socialismu  platily  účty.  Nenáviděný  symbol  dospělosti.  A také  symbol  světa,  ve kterém  úmornost,  beznaděj,  bezvýchodnost  a truchlivost  převládají  nad  radostí  a nadějemi.  Pokračování  textu  je  k dispozici  pouze  pro  platící  čtenáře  Předplatitelé  mají  i    Potřebujeme  e-mailovou  adresu,  na  kterou  pošleme  potvrzení  o  platbě.  Zároveň  vám  založíme  uživatelský  účet,  abyste  se  mohli  k  článku  kdykoli  vrátit  a  nemuseli  jej  platit  znovu.  Pokud  již  u  nás  účet  máte,    Potřebujeme  e-mailovou  adresu,  na  kterou  pošleme  potvrzení  o  platbě.  Pokračováním  nákupu  berete  na  vědomí,  že  společnost  Economia,  a.s.  bude  zpracovávat  vaše  osobní  údaje  v  souladu  se   Vyberte  si  způsob  platby  Máte  zájem  o  informace  v  širších  souvislostech?  Zadejte  Vaši  e-mailovou  adresu  a  každý  pátek  dopoledne  od  nás  dostanete  výběr  komentářů,  které  se  během  týdne  objevily  na  stránkách  Hospodářských  novin.  Těšit  se  můžete  na  komentáře  Petra  Honzejka,  předního  ekonoma  Tomáše  Sedláčka,  kardiologa  Josefa  Veselky  a  dalších.  Přihlášením  se  k  odběru  newsletteru  souhlasíte  se  zpracováním  osobních  údajů  a zasíláním  obchodních  sdělení,  více  informací   

https://archiv.ihned.cz/c1-66332970-odchod-oranzoveho-rebela-na-sjezdu-cssd-maval-zimola-ruzovymi-brylemi-nyni-symbolicky-vraci-oranzove-klice-od-lidoveho-domu| Odchod  oranžového  rebela.  Na  sjezdu  ČSSD  mával  Jiří  Zimola  růžovými  brýlemi,  nyní  symbolicky  vrací  oranžové  klíče  od  Lidového  domu | Kampus  českobudějovické  Vysoké  školy  technické  a ekonomické,  budova  D,  třetí  patro,  dveře  317.  Právě  tam  od loňska  chodí  do práce  někdejší  jihočeský  hejtman  a  dosavadní  druhý  muž  ČSSD  Jiří  Zimola.  Má  zde  plný  úvazek  a podle  informací  poskytnutých  rektorem  hrubý  plat  70  tisíc  měsíčně.  Je  pondělí  5.  listopadu,  skončil  čas  oběda  a zkoušíme  politika,  jenž  ve škole  zastává  funkci  vedoucího  oddělení  vnějších  vztahů,  vyhledat.  Na klepání  nikdo  nereaguje,  dveře  kanceláře  zůstávají  zamčené.  Ptáme  se  i na recepci.  "Dnes  tady  zatím  nebyl,"  nahlíží  mladý  muž  do evidence  příchodů  a odchodů.  Na otázku,  jak  často  tu  pan  Zimola  bývá,  odpovídá:  "Jak  kdy,  většinou  jednou  až  dvakrát  za týden."  Vypadá  to,  že  větší  část  pracovní  doby  tráví  v terénu.  Už  ale  pouhý  fakt,  že  se  HN  u rektora  veřejné  vysoké  školy  Marka  Vochozky  předtím  zajímaly  o podmínky  Zimolova  kontraktu  a konkrétní  pracovní  náplň,  rozzlobil  politika  vládní  strany  natolik,  že  důrazně  odmítl  poskytnout  rozhovor.  A když  se  dozvěděl  o návštěvě  přímo  ve škole,  míra  jeho  rozčilení  ještě  vzrostla.  Pokračování  textu  je  k dispozici  pouze  pro  platící  čtenáře  Předplatitelé  mají  i    Potřebujeme  e-mailovou  adresu,  na  kterou  pošleme  potvrzení  o  platbě.  Zároveň  vám  založíme  uživatelský  účet,  abyste  se  mohli  k  článku  kdykoli  vrátit  a  nemuseli  jej  platit  znovu.  Pokud  již  u  nás  účet  máte,    Potřebujeme  e-mailovou  adresu,  na  kterou  pošleme  potvrzení  o  platbě.  Pokračováním  nákupu  berete  na  vědomí,  že  společnost  Economia,  a.s.  bude  zpracovávat  vaše  osobní  údaje  v  souladu  se   Vyberte  si  způsob  platby 

https://byznys.ihned.cz/c1-66312880-prvni-banky-se-chystaji-v-listopadu-spustit-okamzite-platby-presun-penez-mezi-ucty-za-par-vterin-bude-naplno-mozny-az-pristi-rok| První  banky  se  chystají  v  listopadu  spustit  okamžité  platby.  Přesun  peněz  mezi  účty  za  pár  vteřin  bude  naplno  možný  až  příští  rok | Zákazníci  českých  bank  budou  příští  měsíc  o  krok  blíž  zásadní  změně,  na  kterou  už  roky  čekají:  první  dvě  tuzemské  banky  po  měsících  příprav  radikálně  zrychlí  převody  peněz  a  spustí  takzvané  okamžité  platby.  Poslání  peněz  z  účtu  v  jedné  bance  na  účet  u  druhé,  které  dosud  trvalo  hodiny  nebo  i  den,  zabere  pár  vteřin.       Nové  mezibankovní  převody  technicky  zajišťuje  Česká  národní  banka  (ČNB),  která  podle  Petry  Vodstrčilové  z  tiskového  oddělení  systém  v  ostrém  provozu  spustí  od  1.  listopadu.  Na  reálné  rozšíření  okamžitých  plateb  budou  ale  muset  zákazníci  počkat  do  příštího  roku,  kdy  připojení  chystají  i  ČSOB,  Komerční  banka,  UniCredit,  Raiffeisenbank  a  další.  Tomáš  Salomon,  generální  ředitel  České  spořitelny,  řekl  v  rozhovoru  pro  HN,  že  změna  je  nevyhnutelná.  “Věřím  v  přímé  platby  dlouhodobě.  Myslím  si,  že  to  je  správně  a  pro  klienta  dobře.  Je  nutné  u  toho  být  a  co  nejdřív  se  učit,  jak  přímé  platby  fungují,  kde  mají  úskalí,“  řekl  Salomon.    Většina  bank  HN  řekla,  že  přesunuly  spuštění  okamžitých  plateb,  protože  systém  potřebují  otestovat,  nejsou  dostatečně  připraveny  nebo  mají  rozpracované  další  projekty,  které  potřebují  dokončit.    

https://byznys.ihned.cz/?p=020001&article[from]=80||

https://byznys.ihned.cz/?p=020001&article[from]=60||

http://economia.ihned.cz/zpracovani-osobnich-udaju/|| Udělením  tohoto  souhlasu  se  zpracováním  osobních  údajů  souhlasíte  s tím,  že  společnost  Economia,  a.s.,  IČ:  281  91 226,  se  sídlem   Správce  bude  Vaše  osobní  údaje  zpracovávat  v rozsahu,  v jakém  byly  Vámi  dobrovolně  poskytnuty  v souvislosti  s  přihlášením  se  k  odběru  newsletteru,  resp.  výběru  z  článků  na  serveru   Správce  bude  Vaše  osobní  údaje  zpracovávat  za  účelem  zasílání  výběru  z  článků,  resp.  přehledu  zpráv  z  vybraných  titulů  a  dalších  médií  správce,  dále  za  účelem  zařazení  do  databáze  správce  pro  účely  přímého  marketingu  (zasílání  informací  o  nových  produktech  a  službách  správce)  a  v  neposlední  řadě  též  k  zasílání  obchodních  sdělení ve  smyslu  zákona  č.  480/2004  Sb.,  o  některých  službách  informační  společnosti týkajících  se  jednak  správcem  provozovaných  či  spravovaných  médií,  jiných  jeho  výrobků  a  služeb  a  jednak  výrobků  a  služeb  třetích  stran,  a  to  prostřednictvím  elektronické  pošty  na  e-mailovou  adresu  Vámi  uvedenou  v  rámci  přihlášení  se  k  odběru  newsletteru.  Právním  základem  zpracování  je  tento  Váš  souhlas  a  v rozsahu  osobních  údajů  nezbytných  pro  splnění  práv  a  povinností  vyplývající  z  obecně  závazných  právních  předpisů  rovněž  tyto  předpisy.  Správce  bude  Vaše  osobní  údaje  zpracovávat  po  dobu  trvání  smluvního  vztahu  (tj.  po  dobu  poskytování  služby  přehledu  zpráv/výběru  z  článků)  a  následně  po  dobu dalších  10  let,  nebude-li  tento  souhlas  se  zpracováním  osobních  údajů  z Vaší  strany  odvolán.Tím  však  není  dotčeno  zpracování  Vašich  osobních  údajů  v  nezbytném  rozsahu  pro  splnění  povinností  vyplývajících  z  obecně  závazných  právních  předpisů.  Tento  Váš  dobrovolně  udělený  souhlas  se  zpracováním  osobních  údajů  můžete  kdykoli  bezplatně  odvolat,  a  to  zejména  prostřednictvím  odkazu  umístěného  v  každém  obchodním  sdělení  (další  způsoby  odvolání  souhlasu  naleznete    K Vašim  osobním  údajům  bude  mít  přístup  správce  a  případně  též  třetí  osoby  –  zpracovatelé,  kteří  poskytují  vhodné  záruky  a  jejichž  zpracování  splňuje  požadavky  dle  platných  právních  předpisů  a  které  zajišťuje  náležitou  ochranu  Vašich  práv.  Těmito  osobami  mohou  být  zejména  lidé  zajišťující  rozesílání  newsletterů,  kteří  však  budou  mít  přístup  k těmto  údajům  jen  po  dobu  nezbytně  nutnou  a  v nezbytně  nutném  rozsahu.  Správce  můžete  kontaktovat  zejména  na  adrese  sídla  správce:   Ve  vztahu  k Vašim  osobním  údajům  máte  zejména  následující  práva:  Bližší  údaje  o  zpracování  osobních  údajů  ve  společnosti  Economia,  a.s.,  naleznete  

https://byznys.ihned.cz/?p=020001&article[from]=980||

https://byznys.ihned.cz/?p=020001&article[from]=40||

https://ihned.cz/?m=authors&article[aut_id]=10705420&article[from]=1420||

https://domaci.ihned.cz/tagy/vyhoreni-284743||

https://ihned.cz/predplatne-hnplus/?utm_source=ihned&utm_medium=paywall-banner&utm_term=economia-weby&utm_campaign=predplatne-hn&backlink=https://nazory.ihned.cz/c1-66331500-my-havlovy-deti-posledni-generace-ktera-se-ma-lepe-nez-jejich-rodice-na-zapade-i-jihu-uz-zacina-boure|| Nabídka  měsíce  zdarma  platí  pouze  pro  nové  předplatitele.  Podmínkou  pro  získání  této  výhody  je  zadání  a  uložení  platební  karty  pro  automatickou  platbu  na  další  období.  Automatickou  platbu  můžete  kdykoliv  zrušit.  Hledáte  i  jiné  produkty  vydavatelství  Economia?  Navštivte  náš    Potřebujeme  e-mailovou  adresu,  na  kterou  pošleme  potvrzení  o  platbě.  Zároveň  vám  založíme  uživatelský  účet,  abyste  se  mohli  k  článku  kdykoli  vrátit  a  nemuseli  jej  platit  znovu.  Pokud  již  u  nás  účet  máte,    Potřebujeme  e-mailovou  adresu,  na  kterou  pošleme  potvrzení  o  platbě.  Pokud  chcete  předplatné  zakoupit  na  jiný  účet,  nejdříve  se  odhlaste  a  poté  se  buď  přihlaste  pod  cílovým  účtem,  nebo  pokračujte  jako  nový  zákazník.  V  takovém  případě  bude  účet  vytvořen.  Ve  Vašem  účtu  není  vyplněna  e-mailová  adresa.  Abyste  ji  nemuseli  zadávat  při  každém  nákupu  a  bylo  možné  Vám  obnovit  heslo  v  případě  ztráty,  vyplňte  ji  v  nastavení  účtu  (  Pokud  uložíte  platební  kartu  pro  automatickou  obnovu  předplatného,  získáte    Tato  nabídka  platí  pouze  pro  zákazníky,  kteří  zatím  digitální  předplatné  Hospodářských  Novin  nevyužili,  nakoupí  pomocí    Pokračováním  nákupu  berete  na  vědomí,  že  společnost  Economia,  a.s.  bude  zpracovávat  vaše  osobní  údaje  v  souladu  se   Z  technických  důvodů  musíme  strhnout  z  vaší  platební  karty  jednu  korunu.  Ale  nebojte  se,  obratem  vám  ji  vrátíme.  Máte  dotazy  ohledně  předplatného?  Neváhejte  nás  kontaktovat  na    Platbu  kartou  i  on-line  platbu  zabezpečuje   

https://domaci.ihned.cz/tagy/syndrom-vyhoreni-210284||

https://byznys.ihned.cz/c1-66327650-prilis-regulaci-zneprijemnuje-obchodum-zivot-zavirani-o-svatcich-nevyhovuje-zakaznikum-ani-zamestnancum-rika-sef-svazu-obchodu-prouza| Příliš  regulací  znepříjemňuje  obchodům  život.  Zavírání  o  svátcích  nevyhovuje  zákazníkům  ani  zaměstnancům,  říká  šéf  svazu  obchodu  Prouza | Zbytečné  regulace  znepříjemňují  život  maloobchodu  v Česku.  Změnit  to  chce  nový  prezident  Svazu  obchodu  a cestovního  ruchu  Tomáš  Prouza.  Nehodlá  sice  vést  se  svým  okolím  nikam  nevedoucí  války,  zároveň  ale  tvrdě  hájí  zájmy  obchodních  řetězců,  které  jsou  prý  v Česku  vůči  zemědělcům  a potravinářům  ve slabším  postavení.  Podle  Prouzy  se  zisky  místních  zemědělců  a potravinářů  za poslední  desetiletí  zvedly  o 40  až  50  miliard  korun.  "Obchodníci  nemají  větší  zisky  než  výrobci,"  tvrdí  Prouza  s tím,  že  od roku  2010  patří  tuzemští  dodavatelé  potravin  do  trojice  nejrychleji  rostoucích  mezi  státy  v celé  EU.  "Jedna  věc  je  marketingový  příběh  chudého  zemědělce  a druhý  realita  tvrdých  čísel,"  dodává.  Věří,  že  to  budoucí  novelizace  zákona  o významné  tržní  síle  nakonec  změní.  Nabídka  přišla  od obchodních  řetězců  i některých  lidí  z cestovního  ruchu.  Hledali  člověka,  který  udrží  viditelnost  svazu  po Martě  Novákové,  dokáže  hledat  řešení  a komunikovat  se  státem.  Máme  zájem  věci  řešit,  nemá  smysl  pokračovat  v nikam  nevedoucích  válkách.  ◼  Absolvent  Vysoké  školy  ekonomické  založil  v roce  2000  ekonomický  web  Peníze.cz.  Už  když  bylo  Prouzovi 31 let,  vybral  si  ho  Bohuslav  Sobotka  jako  svého  náměstka  na ministerstvo  financí,  kde  mimo  jiné  připravoval  vstup  Česka  do eurozóny.  ◼  V roce  2007  patřil  ke spoluzakladatelům  finančně  poradenské  společnosti  Partners.  Od roku  2012  pracoval  ve Světové  bance  a žil  ve Washingtonu.  ◼  V letech  2014  až  2017  byl  na Úřadu  vlády  státním  tajemníkem  pro  EU  a v květnu  2016  se  stal  i prvním  koordinátorem  pro  digitální  agendu.  ◼  Letos  v říjnu  převzal  vedení  Svazu  obchodu  a cestovního  ruchu  České  republiky.  Při  přípravě  legislativy,  při  debatách  o prodeji  českých  výrobků  ve chvíli,  kdy  ani  nejsou  na trhu  dostupné.  Všichni  ukazují  na obchodní  řetězce,  ale  ten  problém  je  někde  jinde  −  u řady  základních  potravin  čeští  zemědělci  ani  nedokážou  pokrýt  poptávku  a požadovanou  cenou  konkurovat  výrobcům  ze  zahraničí.  Členství  ve straně  jsem  přerušil,  protože  není  správné,  abych  byl  v téhle  funkci  straníkem.  Nehlasoval.  Byl  jsem  zrovna  v zahraničí,  a jelikož  se  fyzicky  hlasovalo  na schůzích,  tak  jsem  ani  hlasovat  nemohl.  Už  jsem  si  politické  kolečko  udělat  dvakrát.  Byl  jsem  náměstkem  na ministerstvu  financí  a státním  tajemníkem  pro  EU.  A vždycky  jsem  se  vrátil  do soukromého  sektoru.  Česká  tradice  je  třikrát  a dost,  takže  se  možná  ještě  jednou  do politiky  vrátím.  Rozhodně  to  ale  nebude  za jeden,  dva  nebo  pět  roků.  ◼  S úsměvem  přiznává,  že  má  rád  americký  seriál  House  of  Cards.  Z životopisu  Tomáše  Prouzy  je  zároveň  dobře  vidět,  že  mu  působení  na pomezí  politiky,  lobbingu  a podnikání  vůbec  nedělá  problémy  a spíše  si  ho  užívá.  Možná  také  proto  si  ho  zástupci  obchodních  řetězců  a hoteliéři  vybrali  jako  svůj  hlas  směrem  k vládě  a vůči  zemědělcům  a potravinářům.  ◼  Nový  prezident  Svazu  průmyslu  a cestovního  ruchu  ČR  nahrazuje  Martu  Novákovou,  která  zamířila  do vlády  Andreje  Babiše.  Prouza  je  naopak  spjatý  s érou  premiéra  Bohuslava  Sobotky.  Za něj  byl  státním  tajemníkem  pro  evropské  záležitosti,  kde  jako  takzvaný  "šerpa"  objížděl  evropské  metropole.  ◼  Přesvědčený  příznivec  zavedení  eura  a Evropské  unie  nevylučuje,  že  se  v budoucnu  bude  chtít  do české  politiky  vrátit.  Zatím  ale  přerušil  členství  v ČSSD  a hodlá  se  věnovat  svazu.  Dohodl  jsem  se  s kolegy,  že  pokud  přijdou  s vlastním  projektem,  potáhnou  firmu  dál.  Jinak  ji  uspíme.  Třeba  regulace  otevírací  doby  o některých  svátcích.  Tenhle  zákon  se  totálně  nepovedl,  protože  nikdo  netuší,  kdy  je  nebo  není  otevřeno.  Nevyhovuje  to  ani  zaměstnancům,  kteří  by  raději  šli  za příplatek  do práce.  Místo  toho  oddřou  všechno  večer  předem,  protože  se  lidé  na poslední  chvíli  vrhnou  do obchodů.  Naši  členové  jsou  v tomhle  pragmatičtí,  pokud  by  lidé  o svátcích  nenakupovali,  tak  obchody  neotevřou.  Druhé  velké  téma  je  zákon  o významné  tržní  síle,  který  v Česku  nechrání  malé  proti  velkým,  ale  potravináře  proti  obchodníkům.  Přitom  u řady  výrobků  má  významnou  tržní  sílu  potravinář,  který  může  diktovat  řetězcům.  Trh  v Česku  je  mnohem  rozdrobenější  než  v západní  Evropě  a mezi  řetězci  panuje  tvrdá  konkurence.  Pět  největších  má  v Česku  tržní  podíl  pod  50  procent.  Třeba  v Británii  je  to  70  procent.  Proto  je  dobře,  že  je  v legislativě  povinnost  splatnosti  faktur  během  třiceti  dnů.  Evropská  debata  se  však  vede  ohledně  ochrany  malých  vůči  velkým.  Někdy  to  je  obchodník  vůči  velkému  dodavateli.  Jindy  dodavatel  vůči  velkoobchodu.  Regulace  v Česku  zůstala  na půli  cesty.  Díky  připravované  evropské  směrnici  půjde  zákon  opravit  a dát  mu  původní  smysl.  Má  smysl  chránit  malé  proti  velkým.  Ale  ne  vždycky  je  tím  velkým  obchodník.  Evropská  směrnice  mluví  o malých  a středních  podnicích,  které  mají  nárok  na ochranu.  Z toho  bych  vycházel.  Pokračování  textu  je  k dispozici  pouze  pro  platící  čtenáře  Předplatitelé  mají  i    Potřebujeme  e-mailovou  adresu,  na  kterou  pošleme  potvrzení  o  platbě.  Zároveň  vám  založíme  uživatelský  účet,  abyste  se  mohli  k  článku  kdykoli  vrátit  a  nemuseli  jej  platit  znovu.  Pokud  již  u  nás  účet  máte,    Potřebujeme  e-mailovou  adresu,  na  kterou  pošleme  potvrzení  o  platbě.  Pokračováním  nákupu  berete  na  vědomí,  že  společnost  Economia,  a.s.  bude  zpracovávat  vaše  osobní  údaje  v  souladu  se   Vyberte  si  způsob  platby 

https://archiv.ihned.cz/c1-66332980-skola-a-jiri-zimola-musime-si-pomahat| Škola  a  Jiří  Zimola:  musíme  si  pomáhat | Když  Jiří  Zimola  loni  v září  začal  pracovat  na českobudějovické  Vysoké  škole  technické  a ekonomické  (VŠTE),  nepřišel  do cizího.  Škola  založená  teprve  v roce  2006  mu  vděčí  za mnohé,  co  pro  ni  jako  hejtman  udělal.  Bližší  spolupráce  započala  v roce  2009,  kdy  kraj  na VŠTE  převedl  areál  v Okružní  ulici.  Kdysi  tam  bylo  učiliště,  dnes  po rekonstrukci  je  z něj  kampus.  Namále  měla  škola  v roce  2010,  kdy  ji  ministerstvo  chtělo  zrušit.  Byl  to  i hejtman  Zimola,  kdo  se  postavil  proti.  V následujících  letech  VŠTE  například  poskytla  zázemí  krajské  společnosti  Jikord,  odborné  ústavy  VŠTE  se  začaly  podílet  na různých  posudcích  pro  kraj.  Jeden  posudek  školní  znalecký  ústav  zpracoval  loni,  když  se  Zimola  s kolegy  z kraje  bránil  nařčení  ze zneužití  veřejných  peněz  při  stavbě  chalup  u Lipna.  Ústav  dal  štempl,  že  vše  bylo  čisté.  Hejtman  pomáhal  i v cizině.  V roce  2016  společně  s prezidentem  Milošem  Zemanem  zaštítili  pořádání  první  zahraniční  konference  spoluorganizované  VŠTE,  která  se  uskutečnila  v Pekingu.  Škola  na své  půdě  založila  i Čínské  centrum.  Dnes  má  Zimola  na VŠTE  na starosti  koordinaci  marketingu,  oblasti  public  relations,  společenských  aktivit,  spolupráci  s místními  podniky,  s veřejnými  institucemi  i s dalšími  školami.  Když  ale  do funkce  nastupoval,  říkal,  že  mohl  být  i prorektorem.  Nechtěl  prý  místo  vzít  právě  kvůli  své  lipenské  kauze  a zmíněnému  posudku.  Jeho  nadřízeným  je  tak  dnes  prorektor  Vojtěch  Stehel.  Jelikož  jde  o člena  ODS,  lze  o Zimolově  práci  s nadsázkou  říci,  že  se  odehrává  na půdorysu  velké  koalice.  V jižních  Čechách  je  to  dobrá  tradice. 

https://byznys.ihned.cz/c1-66329440-podle-ministerstva-prumyslu-je-statni-operator-pro-rychly-internet-5g-nerealny-myslenka-narazi-na-pravidla-hospodarske-souteze| Státní  operátor  pro  rychlý  internet  5G  je  nereálný,  říká  ministerstvo  průmyslu.  Myšlenka  naráží  na  pravidla  hospodářské  soutěže | Ministerstvo  průmyslu  (MPO),  které  se  podílí  na  přípravě  strategie  pro  zavedení  nové  generace  superrychlého  5G internetu  v  mobilech,  odmítá  vytvoření  státního  operátora,  který  by  budoucí  technologii  provozoval.  Náměstek  ministra  průmyslu  Petr  Očko  řekl  HN,  že  návrhy  na  vznik  nové  státní  telekomunikační  firmy,  které  se  objevily  v  podobě  neautorizovaného  dokumentu,  považuje  za  "nereálné  a  není  žádná  snaha  ze  strany  MPO  je  podporovat".  Na  úterní  konferenci  v  Praze,  věnované  právě  sítím  páté  generace,  zpochybnili  myšlenku  státního  operátora  také  zástupci  Českého  telekomunikačního  úřadu.  Projekt  by  podle  obou  úřadů  narazil  hlavně  na  evropská  pravidla  hospodářské  soutěže  a  státní  podpory.  Pokračování  textu  je  k dispozici  pouze  pro  platící  čtenáře  Předplatitelé  mají  i    Potřebujeme  e-mailovou  adresu,  na  kterou  pošleme  potvrzení  o  platbě.  Zároveň  vám  založíme  uživatelský  účet,  abyste  se  mohli  k  článku  kdykoli  vrátit  a  nemuseli  jej  platit  znovu.  Pokud  již  u  nás  účet  máte,    Potřebujeme  e-mailovou  adresu,  na  kterou  pošleme  potvrzení  o  platbě.  Pokračováním  nákupu  berete  na  vědomí,  že  společnost  Economia,  a.s.  bude  zpracovávat  vaše  osobní  údaje  v  souladu  se   Vyberte  si  způsob  platby 

https://byznys.ihned.cz/c1-66309730-cnb-opet-zvysi-sazby-shoduji-se-ekonomove-bylo-by-to-nejvicekrat-od-roku-1996-ke-zvysovani-sazeb-banku-nuti-i-krize-v-italii-a-hrozba-tvrdeho-brexitu| ČNB  opět  zvýší  sazby,  shodují  se  ekonomové.  Ke  zvyšování  banku  nutí  slabá  koruna,  krize  v  Itálii  i  hrozba  tvrdého  brexitu | Bankovní  rada  České  národní  banky  příští  týden  pravděpodobně  odhlasuje  zvýšení  své  klíčové  úrokové  sazby,  a  to  již  počtvrté  v  řadě.  Shodují  se  na  tom  ekonomové  a  analytici  oslovení  HN.  “Přestože  ekonomika  zpomaluje,  inflační  tlaky  spíše  posilují.  Mzdová  dynamika  zůstává  silná  a  i  vnější  prostředí,  tedy  ceny  ropy  a  dalších  komodit,  vytváří  tlak  na  zdražování,”  uvedl  jeden  z  hlavních  důvodů  Viktor  Zeisel,  hlavní  ekonom  Komerční  banky.  Takzvaná  dvoutýdenní  repo  sazba,  za  kterou  si  komerční  banky  ukládají  u  ČNB  přebytečné  peníze,  zřejmě  vzroste  o  0,25  procentního  bodu  na  1,75  procenta.  Letos  se  tak  stane  dokonce  již  popáté.  Pro  domácnosti  i  podniky  by  to  znamenalo  dražší  úvěry,  například  půjčky  na  bydlení.  Pokračování  textu  je  k dispozici  pouze  pro  platící  čtenáře  Předplatitelé  mají  i    Potřebujeme  e-mailovou  adresu,  na  kterou  pošleme  potvrzení  o  platbě.  Zároveň  vám  založíme  uživatelský  účet,  abyste  se  mohli  k  článku  kdykoli  vrátit  a  nemuseli  jej  platit  znovu.  Pokud  již  u  nás  účet  máte,    Potřebujeme  e-mailovou  adresu,  na  kterou  pošleme  potvrzení  o  platbě.  Pokračováním  nákupu  berete  na  vědomí,  že  společnost  Economia,  a.s.  bude  zpracovávat  vaše  osobní  údaje  v  souladu  se   Vyberte  si  způsob  platby 

https://byznys.ihned.cz/c1-66328390-tezba-bitcoinu-stoji-oproti-tezbe-zlata-dvojnasobek-energie-za-rok-ji-tezari-spotrebuji-vic-nez-cele-irsko| Těžba  bitcoinu  stojí  oproti  těžbě  zlata  dvojnásobek  energie.  Za  rok  jí  těžaři  spotřebují  víc  než  celé  Irsko | Množství  energie  spotřebované  k  získání  jednoho  dolaru  z  těžby  kryptoměn,  jako  je  například  bitcoin,  je  více  než  dvojnásobné  v  porovnání  se  získáním  stejné  hodnoty  v  těžbě  mědi,  zlata  nebo  platiny.  Vyplývá  to  ze  studie  vědců  amerického  Oak  Ridge  Institute.  Virtuální  a  skutečná  těžba  jsou  si  přitom  podobnější,  než  by  si  kdokoli  pomyslel,  poznamenal  server  listu  The  Guardian.  Vědci  spočítali,  že  těžba  bitcoinu  spotřebuje  k  vygenerování  jednoho  dolaru  zhruba  17  megajoulů  (MJ)  energie,  zatímco  těžba  mědi  čtyři,  zlata  pět  a  platiny  sedm  MJ.  Obdobně  je  to  i  s  dalšími  kryptoměnami,  při  těžbě  měny  ethereum  se  získá  dolar  při  spotřebě  sedmi  MJ  a  u  monera  je  to  14  MJ.  Všechny  tyto  měny  si  ale  vedou  výtečně  v  porovnání  s  hliníkem,  jehož  těžba  vygeneruje  jeden  dolar  při  spotřebě  122  MJ.  Těžba  je  proces,  při  kterém  se  kontrolují  a  potvrzují  transakce  v  síti.  Speciální  počítačový  program  se  napojí  na  kryptoměnovou  síť,  zpracovává  příchozí  informace  a  řeší  u  toho  složitou  matematickou  úlohu.  V  jedné  chvíli  na  ní  pracují  počítače  všech  takzvaných  těžařů.  Ten,  jehož  počítač  vyřeší  úlohu  jako  první,  získá  odměnu,  v  případě  bitcoinu  asi  8000  dolarů  (téměř  181  tisíc  korun).  Ostatní  těžaři  mají  smůlu  a  musí  začít  řešit  novou  úlohu.  Zatímco  odměna  může  být  jen  virtuální,  energetické  náklady  jsou  velmi  reálné.  Bylo  zjištěno,  že  síť  těžařů  bitcoinu  spotřebuje  za  jediný  rok  více  energie  než  celé  Irsko  a  že  vyprodukuje  stejné  roční  emise  uhlíku  jako  jeden  milion  transatlantických  letů.  Nová  studie  je  první,  která  posuzuje  energetickou  náročnost  na  těžbu  připadající  na  vytvoření  hodnoty  jednoho  dolaru.  Autoři  chtějí  podnítit  debatu  o  adekvátnosti  a  udržitelnosti  nároků  na  energii.  V  úvahu  je  přitom  nutno  vzít  i  cenové  výkyvy,  ale  třeba  i  skutečnost,  že  při  těžbě  kryptoměn  v  Číně  vzniká  čtyřnásobné  množství  emisí  oxidu  uhličitého  než  při  těžbě  kryptoměn  v  Kanadě. 

https://ihned.cz/?m=authors&article[aut_id]=10705420&article[from]=20||

https://domaci.ihned.cz/tagy/psychiatrie-22466||

https://ihned.cz/?m=authors&article[aut_id]=10705420&article[from]=60||

https://ihned.cz/?m=authors&article[aut_id]=10705420&article[from]=40||

https://ihned.cz/?m=authors&article[aut_id]=10705420&article[from]=80||

https://domaci.ihned.cz/?m=tags&overview[tag_id]=210284&overview[from]=0||

https://ihned.cz/?m=authors&article[aut_id]=10705420&article[from]=1380||

https://ihned.cz/?m=authors&article[aut_id]=10705420&article[from]=1360||

https://byznys.ihned.cz/tagy/jaderna-energetika-6686||

https://byznys.ihned.cz/tagy/ministerstvo-prumyslu-a-obchodu-260244||

https://archiv.ihned.cz/tagy/Velke-cteni-346744||

https://archiv.ihned.cz/tagy/video-4327||

